node_id,tipo_nodo,nombre_comercio,categoria_comercio,in_degree,out_degree,degree,weighted_in_degree,weighted_out_degree,weighted_degree,pagerank,pagerank_riesgo
cliente_6590234992,cliente,,,0,21,21,0.0,21.0,21.0,0.0004167183188762027,0.00041671831887620263
cliente_0917079200,cliente,,,0,26,26,0.0,27.0,27.0,0.0004167183188762027,0.00041671831887620263
cliente_8921852628,cliente,,,0,35,35,0.0,38.0,38.0,0.0004167183188762027,0.00041671831887620263
cliente_4946106145,cliente,,,0,24,24,0.0,24.0,24.0,0.0004167183188762027,0.00041671831887620263
cliente_5142688511,cliente,,,0,26,26,0.0,27.0,27.0,0.0004167183188762027,0.00041671831887620263
cliente_1392326847,cliente,,,0,34,34,0.0,34.0,34.0,0.0004167183188762027,0.00041671831887620263
cliente_4824719055,cliente,,,0,42,42,0.0,43.0,43.0,0.0004167183188762027,0.00041671831887620263
cliente_8912665132,cliente,,,0,32,32,0.0,32.0,32.0,0.0004167183188762027,0.00041671831887620263
cliente_3841013935,cliente,,,0,24,24,0.0,24.0,24.0,0.0004167183188762027,0.00041671831887620263
cliente_2230559397,cliente,,,0,24,24,0.0,24.0,24.0,0.0004167183188762027,0.00041671831887620263
cliente_0302344968,cliente,,,0,13,13,0.0,13.0,13.0,0.0004167183188762027,0.00041671831887620263
cliente_8467347997,cliente,,,0,20,20,0.0,20.0,20.0,0.0004167183188762027,0.00041671831887620263
cliente_9170536839,cliente,,,0,34,34,0.0,35.0,35.0,0.0004167183188762027,0.00041671831887620263
cliente_6458257385,cliente,,,0,20,20,0.0,20.0,20.0,0.0004167183188762027,0.00041671831887620263
cliente_8612971253,cliente,,,0,31,31,0.0,33.0,33.0,0.0004167183188762027,0.00041671831887620263
cliente_3146854474,cliente,,,0,30,30,0.0,32.0,32.0,0.0004167183188762027,0.00041671831887620263
cliente_3075256572,cliente,,,0,12,12,0.0,12.0,12.0,0.0004167183188762027,0.00041671831887620263
cliente_1379140450,cliente,,,0,17,17,0.0,17.0,17.0,0.0004167183188762027,0.00041671831887620263
cliente_7692160679,cliente,,,0,20,20,0.0,20.0,20.0,0.0004167183188762027,0.00041671831887620263
cliente_3898559758,cliente,,,0,21,21,0.0,22.0,22.0,0.0004167183188762027,0.00041671831887620263
cliente_5213394747,cliente,,,0,28,28,0.0,28.0,28.0,0.0004167183188762027,0.00041671831887620263
cliente_7547067431,cliente,,,0,18,18,0.0,18.0,18.0,0.0004167183188762027,0.00041671831887620263
cliente_8573151867,cliente,,,0,3,3,0.0,3.0,3.0,0.0004167183188762027,0.00041671831887620263
cliente_1606874726,cliente,,,0,10,10,0.0,10.0,10.0,0.0004167183188762027,0.00041671831887620263
cliente_0801265180,cliente,,,0,19,19,0.0,20.0,20.0,0.0004167183188762027,0.00041671831887620263
cliente_5641933406,cliente,,,0,20,20,0.0,20.0,20.0,0.0004167183188762027,0.00041671831887620263
cliente_3343193694,cliente,,,0,26,26,0.0,26.0,26.0,0.0004167183188762027,0.00041671831887620263
cliente_4025218669,cliente,,,0,30,30,0.0,31.0,31.0,0.0004167183188762027,0.00041671831887620263
cliente_7938637231,cliente,,,0,41,41,0.0,42.0,42.0,0.0004167183188762027,0.00041671831887620263
cliente_4184274099,cliente,,,0,16,16,0.0,16.0,16.0,0.0004167183188762027,0.00041671831887620263
cliente_5149481433,cliente,,,0,42,42,0.0,44.0,44.0,0.0004167183188762027,0.00041671831887620263
cliente_8144408525,cliente,,,0,25,25,0.0,25.0,25.0,0.0004167183188762027,0.00041671831887620263
cliente_3561472214,cliente,,,0,39,39,0.0,40.0,40.0,0.0004167183188762027,0.00041671831887620263
cliente_3606823881,cliente,,,0,52,52,0.0,52.0,52.0,0.0004167183188762027,0.00041671831887620263
cliente_4553857011,cliente,,,0,39,39,0.0,40.0,40.0,0.0004167183188762027,0.00041671831887620263
cliente_5659966936,cliente,,,0,18,18,0.0,18.0,18.0,0.0004167183188762027,0.00041671831887620263
cliente_4687787204,cliente,,,0,22,22,0.0,22.0,22.0,0.0004167183188762027,0.00041671831887620263
cliente_2527761766,cliente,,,0,14,14,0.0,15.0,15.0,0.0004167183188762027,0.00041671831887620263
cliente_1766914626,cliente,,,0,29,29,0.0,31.0,31.0,0.0004167183188762027,0.00041671831887620263
cliente_5442664176,cliente,,,0,37,37,0.0,38.0,38.0,0.0004167183188762027,0.00041671831887620263
cliente_4514467306,cliente,,,0,27,27,0.0,28.0,28.0,0.0004167183188762027,0.00041671831887620263
cliente_4130140101,cliente,,,0,18,18,0.0,18.0,18.0,0.0004167183188762027,0.00041671831887620263
cliente_0940358751,cliente,,,0,45,45,0.0,46.0,46.0,0.0004167183188762027,0.00041671831887620263
cliente_2794139187,cliente,,,0,56,56,0.0,62.0,62.0,0.0004167183188762027,0.00041671831887620263
cliente_9106476303,cliente,,,0,16,16,0.0,16.0,16.0,0.0004167183188762027,0.00041671831887620263
cliente_8475169424,cliente,,,0,28,28,0.0,29.0,29.0,0.0004167183188762027,0.00041671831887620263
cliente_7931024990,cliente,,,0,13,13,0.0,13.0,13.0,0.0004167183188762027,0.00041671831887620263
cliente_0829598388,cliente,,,0,17,17,0.0,17.0,17.0,0.0004167183188762027,0.00041671831887620263
cliente_9258517480,cliente,,,0,44,44,0.0,45.0,45.0,0.0004167183188762027,0.00041671831887620263
cliente_4445974265,cliente,,,0,58,58,0.0,60.0,60.0,0.0004167183188762027,0.00041671831887620263
cliente_5292457920,cliente,,,0,15,15,0.0,15.0,15.0,0.0004167183188762027,0.00041671831887620263
cliente_5444504538,cliente,,,0,31,31,0.0,32.0,32.0,0.0004167183188762027,0.00041671831887620263
cliente_7910444754,cliente,,,0,7,7,0.0,7.0,7.0,0.0004167183188762027,0.00041671831887620263
cliente_4530628465,cliente,,,0,12,12,0.0,12.0,12.0,0.0004167183188762027,0.00041671831887620263
cliente_6230354074,cliente,,,0,37,37,0.0,37.0,37.0,0.0004167183188762027,0.00041671831887620263
cliente_3042425693,cliente,,,0,28,28,0.0,29.0,29.0,0.0004167183188762027,0.00041671831887620263
cliente_2352948859,cliente,,,0,18,18,0.0,18.0,18.0,0.0004167183188762027,0.00041671831887620263
cliente_7702337721,cliente,,,0,19,19,0.0,19.0,19.0,0.0004167183188762027,0.00041671831887620263
cliente_4015184641,cliente,,,0,31,31,0.0,31.0,31.0,0.0004167183188762027,0.00041671831887620263
cliente_2764779521,cliente,,,0,12,12,0.0,13.0,13.0,0.0004167183188762027,0.00041671831887620263
cliente_4349329248,cliente,,,0,33,33,0.0,35.0,35.0,0.0004167183188762027,0.00041671831887620263
cliente_9916876192,cliente,,,0,45,45,0.0,49.0,49.0,0.0004167183188762027,0.00041671831887620263
cliente_5432200852,cliente,,,0,11,11,0.0,11.0,11.0,0.0004167183188762027,0.00041671831887620263
cliente_0268335156,cliente,,,0,34,34,0.0,37.0,37.0,0.0004167183188762027,0.00041671831887620263
cliente_4361399015,cliente,,,0,9,9,0.0,9.0,9.0,0.0004167183188762027,0.00041671831887620263
cliente_0534576703,cliente,,,0,37,37,0.0,40.0,40.0,0.0004167183188762027,0.00041671831887620263
cliente_6287877954,cliente,,,0,16,16,0.0,16.0,16.0,0.0004167183188762027,0.00041671831887620263
cliente_2624902594,cliente,,,0,23,23,0.0,23.0,23.0,0.0004167183188762027,0.00041671831887620263
cliente_1731688325,cliente,,,0,37,37,0.0,39.0,39.0,0.0004167183188762027,0.00041671831887620263
cliente_9223452849,cliente,,,0,21,21,0.0,21.0,21.0,0.0004167183188762027,0.00041671831887620263
cliente_8915418883,cliente,,,0,12,12,0.0,13.0,13.0,0.0004167183188762027,0.00041671831887620263
cliente_4922521077,cliente,,,0,18,18,0.0,18.0,18.0,0.0004167183188762027,0.00041671831887620263
cliente_2155471677,cliente,,,0,14,14,0.0,14.0,14.0,0.0004167183188762027,0.00041671831887620263
cliente_3412060650,cliente,,,0,51,51,0.0,54.0,54.0,0.0004167183188762027,0.00041671831887620263
cliente_0350799092,cliente,,,0,17,17,0.0,17.0,17.0,0.0004167183188762027,0.00041671831887620263
cliente_9240340825,cliente,,,0,40,40,0.0,42.0,42.0,0.0004167183188762027,0.00041671831887620263
cliente_4567900084,cliente,,,0,15,15,0.0,15.0,15.0,0.0004167183188762027,0.00041671831887620263
cliente_0068543903,cliente,,,0,13,13,0.0,13.0,13.0,0.0004167183188762027,0.00041671831887620263
cliente_2529593574,cliente,,,0,47,47,0.0,49.0,49.0,0.0004167183188762027,0.00041671831887620263
cliente_3814653418,cliente,,,0,42,42,0.0,44.0,44.0,0.0004167183188762027,0.00041671831887620263
cliente_1107811842,cliente,,,0,24,24,0.0,24.0,24.0,0.0004167183188762027,0.00041671831887620263
cliente_9446848192,cliente,,,0,16,16,0.0,16.0,16.0,0.0004167183188762027,0.00041671831887620263
cliente_0916612689,cliente,,,0,49,49,0.0,51.0,51.0,0.0004167183188762027,0.00041671831887620263
cliente_3264500316,cliente,,,0,36,36,0.0,38.0,38.0,0.0004167183188762027,0.00041671831887620263
cliente_9601089618,cliente,,,0,14,14,0.0,15.0,15.0,0.0004167183188762027,0.00041671831887620263
cliente_0090100524,cliente,,,0,33,33,0.0,34.0,34.0,0.0004167183188762027,0.00041671831887620263
cliente_7462914037,cliente,,,0,21,21,0.0,21.0,21.0,0.0004167183188762027,0.00041671831887620263
cliente_7996877630,cliente,,,0,34,34,0.0,34.0,34.0,0.0004167183188762027,0.00041671831887620263
cliente_9124217611,cliente,,,0,34,34,0.0,35.0,35.0,0.0004167183188762027,0.00041671831887620263
cliente_3375493639,cliente,,,0,22,22,0.0,23.0,23.0,0.0004167183188762027,0.00041671831887620263
cliente_1120771126,cliente,,,0,27,27,0.0,27.0,27.0,0.0004167183188762027,0.00041671831887620263
cliente_6724941515,cliente,,,0,22,22,0.0,22.0,22.0,0.0004167183188762027,0.00041671831887620263
cliente_8628945912,cliente,,,0,31,31,0.0,31.0,31.0,0.0004167183188762027,0.00041671831887620263
cliente_5538743918,cliente,,,0,32,32,0.0,34.0,34.0,0.0004167183188762027,0.00041671831887620263
cliente_4806360909,cliente,,,0,43,43,0.0,43.0,43.0,0.0004167183188762027,0.00041671831887620263
cliente_8776880233,cliente,,,0,9,9,0.0,10.0,10.0,0.0004167183188762027,0.00041671831887620263
cliente_6288054369,cliente,,,0,33,33,0.0,34.0,34.0,0.0004167183188762027,0.00041671831887620263
cliente_4042956513,cliente,,,0,30,30,0.0,32.0,32.0,0.0004167183188762027,0.00041671831887620263
cliente_1088063596,cliente,,,0,17,17,0.0,17.0,17.0,0.0004167183188762027,0.00041671831887620263
cliente_9729637638,cliente,,,0,27,27,0.0,29.0,29.0,0.0004167183188762027,0.00041671831887620263
cliente_4062174580,cliente,,,0,21,21,0.0,22.0,22.0,0.0004167183188762027,0.00041671831887620263
cliente_3874207340,cliente,,,0,20,20,0.0,20.0,20.0,0.0004167183188762027,0.00041671831887620263
cliente_1401171224,cliente,,,0,51,51,0.0,53.0,53.0,0.0004167183188762027,0.00041671831887620263
cliente_9485477146,cliente,,,0,25,25,0.0,26.0,26.0,0.0004167183188762027,0.00041671831887620263
cliente_5453627693,cliente,,,0,39,39,0.0,40.0,40.0,0.0004167183188762027,0.00041671831887620263
cliente_5647243251,cliente,,,0,38,38,0.0,38.0,38.0,0.0004167183188762027,0.00041671831887620263
cliente_2193826008,cliente,,,0,21,21,0.0,21.0,21.0,0.0004167183188762027,0.00041671831887620263
cliente_8167040091,cliente,,,0,43,43,0.0,46.0,46.0,0.0004167183188762027,0.00041671831887620263
cliente_7046693814,cliente,,,0,12,12,0.0,12.0,12.0,0.0004167183188762027,0.00041671831887620263
cliente_9328409516,cliente,,,0,20,20,0.0,20.0,20.0,0.0004167183188762027,0.00041671831887620263
cliente_4730203076,cliente,,,0,11,11,0.0,11.0,11.0,0.0004167183188762027,0.00041671831887620263
cliente_1560554247,cliente,,,0,28,28,0.0,29.0,29.0,0.0004167183188762027,0.00041671831887620263
cliente_7021402906,cliente,,,0,33,33,0.0,33.0,33.0,0.0004167183188762027,0.00041671831887620263
cliente_3700562952,cliente,,,0,33,33,0.0,35.0,35.0,0.0004167183188762027,0.00041671831887620263
cliente_6583117405,cliente,,,0,34,34,0.0,34.0,34.0,0.0004167183188762027,0.00041671831887620263
cliente_7612192291,cliente,,,0,22,22,0.0,23.0,23.0,0.0004167183188762027,0.00041671831887620263
cliente_7774594413,cliente,,,0,21,21,0.0,21.0,21.0,0.0004167183188762027,0.00041671831887620263
cliente_1317270122,cliente,,,0,57,57,0.0,61.0,61.0,0.0004167183188762027,0.00041671831887620263
cliente_9496881866,cliente,,,0,4,4,0.0,4.0,4.0,0.0004167183188762027,0.00041671831887620263
cliente_0737134761,cliente,,,0,54,54,0.0,56.0,56.0,0.0004167183188762027,0.00041671831887620263
cliente_4657396455,cliente,,,0,29,29,0.0,30.0,30.0,0.0004167183188762027,0.00041671831887620263
cliente_5072665546,cliente,,,0,31,31,0.0,32.0,32.0,0.0004167183188762027,0.00041671831887620263
cliente_0105363408,cliente,,,0,51,51,0.0,53.0,53.0,0.0004167183188762027,0.00041671831887620263
cliente_6222426888,cliente,,,0,23,23,0.0,23.0,23.0,0.0004167183188762027,0.00041671831887620263
cliente_9281345435,cliente,,,0,11,11,0.0,12.0,12.0,0.0004167183188762027,0.00041671831887620263
cliente_1366230867,cliente,,,0,35,35,0.0,38.0,38.0,0.0004167183188762027,0.00041671831887620263
cliente_5357613189,cliente,,,0,37,37,0.0,38.0,38.0,0.0004167183188762027,0.00041671831887620263
cliente_7776622612,cliente,,,0,43,43,0.0,43.0,43.0,0.0004167183188762027,0.00041671831887620263
cliente_3370806202,cliente,,,0,27,27,0.0,27.0,27.0,0.0004167183188762027,0.00041671831887620263
cliente_4166042421,cliente,,,0,48,48,0.0,50.0,50.0,0.0004167183188762027,0.00041671831887620263
cliente_3140451348,cliente,,,0,26,26,0.0,26.0,26.0,0.0004167183188762027,0.00041671831887620263
cliente_4057839817,cliente,,,0,22,22,0.0,23.0,23.0,0.0004167183188762027,0.00041671831887620263
cliente_1270334597,cliente,,,0,44,44,0.0,45.0,45.0,0.0004167183188762027,0.00041671831887620263
cliente_1390148921,cliente,,,0,33,33,0.0,33.0,33.0,0.0004167183188762027,0.00041671831887620263
cliente_6642330971,cliente,,,0,45,45,0.0,46.0,46.0,0.0004167183188762027,0.00041671831887620263
cliente_0979560429,cliente,,,0,15,15,0.0,15.0,15.0,0.0004167183188762027,0.00041671831887620263
cliente_5795106387,cliente,,,0,25,25,0.0,25.0,25.0,0.0004167183188762027,0.00041671831887620263
cliente_0789808560,cliente,,,0,27,27,0.0,27.0,27.0,0.0004167183188762027,0.00041671831887620263
cliente_5482609762,cliente,,,0,57,57,0.0,61.0,61.0,0.0004167183188762027,0.00041671831887620263
cliente_1960661173,cliente,,,0,31,31,0.0,32.0,32.0,0.0004167183188762027,0.00041671831887620263
cliente_5606608481,cliente,,,0,22,22,0.0,23.0,23.0,0.0004167183188762027,0.00041671831887620263
cliente_6911487768,cliente,,,0,20,20,0.0,21.0,21.0,0.0004167183188762027,0.00041671831887620263
cliente_0875899640,cliente,,,0,33,33,0.0,35.0,35.0,0.0004167183188762027,0.00041671831887620263
cliente_4418958638,cliente,,,0,13,13,0.0,13.0,13.0,0.0004167183188762027,0.00041671831887620263
cliente_3597647757,cliente,,,0,32,32,0.0,36.0,36.0,0.0004167183188762027,0.00041671831887620263
cliente_5564945183,cliente,,,0,14,14,0.0,14.0,14.0,0.0004167183188762027,0.00041671831887620263
cliente_7022415758,cliente,,,0,31,31,0.0,32.0,32.0,0.0004167183188762027,0.00041671831887620263
cliente_4282879293,cliente,,,0,20,20,0.0,21.0,21.0,0.0004167183188762027,0.00041671831887620263
cliente_2661523004,cliente,,,0,19,19,0.0,19.0,19.0,0.0004167183188762027,0.00041671831887620263
cliente_2539608693,cliente,,,0,22,22,0.0,24.0,24.0,0.0004167183188762027,0.00041671831887620263
cliente_0870975846,cliente,,,0,30,30,0.0,32.0,32.0,0.0004167183188762027,0.00041671831887620263
cliente_7121470287,cliente,,,0,6,6,0.0,6.0,6.0,0.0004167183188762027,0.00041671831887620263
cliente_4245401050,cliente,,,0,34,34,0.0,35.0,35.0,0.0004167183188762027,0.00041671831887620263
cliente_7988850580,cliente,,,0,41,41,0.0,44.0,44.0,0.0004167183188762027,0.00041671831887620263
cliente_9928679763,cliente,,,0,32,32,0.0,35.0,35.0,0.0004167183188762027,0.00041671831887620263
cliente_9849397039,cliente,,,0,33,33,0.0,34.0,34.0,0.0004167183188762027,0.00041671831887620263
cliente_8149944333,cliente,,,0,38,38,0.0,38.0,38.0,0.0004167183188762027,0.00041671831887620263
cliente_3971338415,cliente,,,0,48,48,0.0,50.0,50.0,0.0004167183188762027,0.00041671831887620263
cliente_1285532224,cliente,,,0,39,39,0.0,39.0,39.0,0.0004167183188762027,0.00041671831887620263
cliente_5964237951,cliente,,,0,31,31,0.0,32.0,32.0,0.0004167183188762027,0.00041671831887620263
cliente_0037076618,cliente,,,0,18,18,0.0,18.0,18.0,0.0004167183188762027,0.00041671831887620263
cliente_3574515371,cliente,,,0,35,35,0.0,37.0,37.0,0.0004167183188762027,0.00041671831887620263
cliente_3556113262,cliente,,,0,34,34,0.0,36.0,36.0,0.0004167183188762027,0.00041671831887620263
cliente_2651736376,cliente,,,0,21,21,0.0,21.0,21.0,0.0004167183188762027,0.00041671831887620263
cliente_6298542684,cliente,,,0,19,19,0.0,19.0,19.0,0.0004167183188762027,0.00041671831887620263
cliente_7514387944,cliente,,,0,32,32,0.0,33.0,33.0,0.0004167183188762027,0.00041671831887620263
cliente_7916064935,cliente,,,0,14,14,0.0,15.0,15.0,0.0004167183188762027,0.00041671831887620263
cliente_2206262078,cliente,,,0,29,29,0.0,29.0,29.0,0.0004167183188762027,0.00041671831887620263
cliente_8988832242,cliente,,,0,32,32,0.0,36.0,36.0,0.0004167183188762027,0.00041671831887620263
cliente_1289127036,cliente,,,0,8,8,0.0,8.0,8.0,0.0004167183188762027,0.00041671831887620263
cliente_3647330019,cliente,,,0,14,14,0.0,14.0,14.0,0.0004167183188762027,0.00041671831887620263
cliente_6949108728,cliente,,,0,28,28,0.0,29.0,29.0,0.0004167183188762027,0.00041671831887620263
cliente_1337706031,cliente,,,0,31,31,0.0,31.0,31.0,0.0004167183188762027,0.00041671831887620263
cliente_7400636028,cliente,,,0,25,25,0.0,26.0,26.0,0.0004167183188762027,0.00041671831887620263
cliente_0819499925,cliente,,,0,36,36,0.0,37.0,37.0,0.0004167183188762027,0.00041671831887620263
cliente_7401664444,cliente,,,0,49,49,0.0,51.0,51.0,0.0004167183188762027,0.00041671831887620263
cliente_5650492277,cliente,,,0,14,14,0.0,14.0,14.0,0.0004167183188762027,0.00041671831887620263
cliente_6299721397,cliente,,,0,46,46,0.0,49.0,49.0,0.0004167183188762027,0.00041671831887620263
cliente_3367125500,cliente,,,0,24,24,0.0,24.0,24.0,0.0004167183188762027,0.00041671831887620263
cliente_2010955382,cliente,,,0,21,21,0.0,21.0,21.0,0.0004167183188762027,0.00041671831887620263
cliente_4963539688,cliente,,,0,33,33,0.0,34.0,34.0,0.0004167183188762027,0.00041671831887620263
cliente_4681008698,cliente,,,0,31,31,0.0,31.0,31.0,0.0004167183188762027,0.00041671831887620263
cliente_1472707268,cliente,,,0,52,52,0.0,53.0,53.0,0.0004167183188762027,0.00041671831887620263
cliente_0119496250,cliente,,,0,23,23,0.0,23.0,23.0,0.0004167183188762027,0.00041671831887620263
cliente_9408341514,cliente,,,0,25,25,0.0,27.0,27.0,0.0004167183188762027,0.00041671831887620263
cliente_3152831955,cliente,,,0,49,49,0.0,51.0,51.0,0.0004167183188762027,0.00041671831887620263
cliente_2001186329,cliente,,,0,27,27,0.0,29.0,29.0,0.0004167183188762027,0.00041671831887620263
cliente_4271628524,cliente,,,0,20,20,0.0,20.0,20.0,0.0004167183188762027,0.00041671831887620263
cliente_5048263000,cliente,,,0,43,43,0.0,46.0,46.0,0.0004167183188762027,0.00041671831887620263
cliente_9166483614,cliente,,,0,23,23,0.0,24.0,24.0,0.0004167183188762027,0.00041671831887620263
cliente_7547102633,cliente,,,0,26,26,0.0,26.0,26.0,0.0004167183188762027,0.00041671831887620263
cliente_9961748001,cliente,,,0,28,28,0.0,28.0,28.0,0.0004167183188762027,0.00041671831887620263
cliente_1724712761,cliente,,,0,13,13,0.0,13.0,13.0,0.0004167183188762027,0.00041671831887620263
cliente_0781976261,cliente,,,0,12,12,0.0,12.0,12.0,0.0004167183188762027,0.00041671831887620263
cliente_9242097435,cliente,,,0,26,26,0.0,26.0,26.0,0.0004167183188762027,0.00041671831887620263
cliente_3479567041,cliente,,,0,10,10,0.0,10.0,10.0,0.0004167183188762027,0.00041671831887620263
cliente_7295035300,cliente,,,0,33,33,0.0,33.0,33.0,0.0004167183188762027,0.00041671831887620263
cliente_0529448255,cliente,,,0,24,24,0.0,26.0,26.0,0.0004167183188762027,0.00041671831887620263
cliente_4301425814,cliente,,,0,41,41,0.0,43.0,43.0,0.0004167183188762027,0.00041671831887620263
cliente_3491623393,cliente,,,0,31,31,0.0,32.0,32.0,0.0004167183188762027,0.00041671831887620263
cliente_1371839313,cliente,,,0,49,49,0.0,54.0,54.0,0.0004167183188762027,0.00041671831887620263
cliente_5347216658,cliente,,,0,15,15,0.0,16.0,16.0,0.0004167183188762027,0.00041671831887620263
cliente_1402437740,cliente,,,0,32,32,0.0,32.0,32.0,0.0004167183188762027,0.00041671831887620263
cliente_9698896736,cliente,,,0,31,31,0.0,33.0,33.0,0.0004167183188762027,0.00041671831887620263
cliente_9866311209,cliente,,,0,32,32,0.0,32.0,32.0,0.0004167183188762027,0.00041671831887620263
cliente_0646551108,cliente,,,0,8,8,0.0,8.0,8.0,0.0004167183188762027,0.00041671831887620263
cliente_0429402526,cliente,,,0,13,13,0.0,13.0,13.0,0.0004167183188762027,0.00041671831887620263
cliente_1136569764,cliente,,,0,28,28,0.0,30.0,30.0,0.0004167183188762027,0.00041671831887620263
cliente_8759901914,cliente,,,0,46,46,0.0,49.0,49.0,0.0004167183188762027,0.00041671831887620263
cliente_0482169442,cliente,,,0,11,11,0.0,11.0,11.0,0.0004167183188762027,0.00041671831887620263
cliente_8923535592,cliente,,,0,29,29,0.0,30.0,30.0,0.0004167183188762027,0.00041671831887620263
cliente_3683599545,cliente,,,0,17,17,0.0,17.0,17.0,0.0004167183188762027,0.00041671831887620263
cliente_4860954128,cliente,,,0,21,21,0.0,21.0,21.0,0.0004167183188762027,0.00041671831887620263
cliente_3391238413,cliente,,,0,26,26,0.0,26.0,26.0,0.0004167183188762027,0.00041671831887620263
cliente_5894874598,cliente,,,0,6,6,0.0,6.0,6.0,0.0004167183188762027,0.00041671831887620263
cliente_6747445659,cliente,,,0,24,24,0.0,24.0,24.0,0.0004167183188762027,0.00041671831887620263
cliente_6090238369,cliente,,,0,25,25,0.0,26.0,26.0,0.0004167183188762027,0.00041671831887620263
cliente_4986214288,cliente,,,0,18,18,0.0,20.0,20.0,0.0004167183188762027,0.00041671831887620263
cliente_0252696664,cliente,,,0,8,8,0.0,8.0,8.0,0.0004167183188762027,0.00041671831887620263
cliente_9074860764,cliente,,,0,27,27,0.0,29.0,29.0,0.0004167183188762027,0.00041671831887620263
cliente_9701837553,cliente,,,0,15,15,0.0,15.0,15.0,0.0004167183188762027,0.00041671831887620263
cliente_0268895700,cliente,,,0,30,30,0.0,30.0,30.0,0.0004167183188762027,0.00041671831887620263
cliente_6948433183,cliente,,,0,51,51,0.0,52.0,52.0,0.0004167183188762027,0.00041671831887620263
cliente_4999425808,cliente,,,0,46,46,0.0,48.0,48.0,0.0004167183188762027,0.00041671831887620263
cliente_5619555869,cliente,,,0,33,33,0.0,33.0,33.0,0.0004167183188762027,0.00041671831887620263
cliente_8574220235,cliente,,,0,15,15,0.0,15.0,15.0,0.0004167183188762027,0.00041671831887620263
cliente_8335461489,cliente,,,0,10,10,0.0,10.0,10.0,0.0004167183188762027,0.00041671831887620263
cliente_8292269361,cliente,,,0,13,13,0.0,13.0,13.0,0.0004167183188762027,0.00041671831887620263
cliente_1675953192,cliente,,,0,30,30,0.0,30.0,30.0,0.0004167183188762027,0.00041671831887620263
cliente_7987369684,cliente,,,0,20,20,0.0,20.0,20.0,0.0004167183188762027,0.00041671831887620263
cliente_4537158475,cliente,,,0,42,42,0.0,42.0,42.0,0.0004167183188762027,0.00041671831887620263
cliente_1546514183,cliente,,,0,17,17,0.0,17.0,17.0,0.0004167183188762027,0.00041671831887620263
cliente_5912853601,cliente,,,0,14,14,0.0,14.0,14.0,0.0004167183188762027,0.00041671831887620263
cliente_2919097497,cliente,,,0,28,28,0.0,28.0,28.0,0.0004167183188762027,0.00041671831887620263
cliente_9316799764,cliente,,,0,36,36,0.0,37.0,37.0,0.0004167183188762027,0.00041671831887620263
cliente_7409634174,cliente,,,0,32,32,0.0,32.0,32.0,0.0004167183188762027,0.00041671831887620263
cliente_4849249315,cliente,,,0,23,23,0.0,23.0,23.0,0.0004167183188762027,0.00041671831887620263
cliente_3416177453,cliente,,,0,9,9,0.0,9.0,9.0,0.0004167183188762027,0.00041671831887620263
cliente_3727434655,cliente,,,0,28,28,0.0,29.0,29.0,0.0004167183188762027,0.00041671831887620263
cliente_5346150537,cliente,,,0,25,25,0.0,25.0,25.0,0.0004167183188762027,0.00041671831887620263
cliente_6850432708,cliente,,,0,25,25,0.0,26.0,26.0,0.0004167183188762027,0.00041671831887620263
cliente_4009604665,cliente,,,0,26,26,0.0,26.0,26.0,0.0004167183188762027,0.00041671831887620263
cliente_1427904802,cliente,,,0,30,30,0.0,30.0,30.0,0.0004167183188762027,0.00041671831887620263
cliente_7419262974,cliente,,,0,27,27,0.0,28.0,28.0,0.0004167183188762027,0.00041671831887620263
cliente_5357630789,cliente,,,0,19,19,0.0,20.0,20.0,0.0004167183188762027,0.00041671831887620263
cliente_9069103898,cliente,,,0,29,29,0.0,29.0,29.0,0.0004167183188762027,0.00041671831887620263
cliente_0591647670,cliente,,,0,9,9,0.0,9.0,9.0,0.0004167183188762027,0.00041671831887620263
cliente_6214512483,cliente,,,0,18,18,0.0,18.0,18.0,0.0004167183188762027,0.00041671831887620263
cliente_6315956085,cliente,,,0,24,24,0.0,25.0,25.0,0.0004167183188762027,0.00041671831887620263
cliente_1938984569,cliente,,,0,21,21,0.0,23.0,23.0,0.0004167183188762027,0.00041671831887620263
cliente_6278389187,cliente,,,0,37,37,0.0,38.0,38.0,0.0004167183188762027,0.00041671831887620263
cliente_0316261397,cliente,,,0,40,40,0.0,40.0,40.0,0.0004167183188762027,0.00041671831887620263
cliente_6657622597,cliente,,,0,49,49,0.0,50.0,50.0,0.0004167183188762027,0.00041671831887620263
cliente_6099660089,cliente,,,0,35,35,0.0,37.0,37.0,0.0004167183188762027,0.00041671831887620263
cliente_3366056590,cliente,,,0,44,44,0.0,45.0,45.0,0.0004167183188762027,0.00041671831887620263
cliente_9283478448,cliente,,,0,69,69,0.0,72.0,72.0,0.0004167183188762027,0.00041671831887620263
cliente_2153537274,cliente,,,0,33,33,0.0,34.0,34.0,0.0004167183188762027,0.00041671831887620263
cliente_7908839315,cliente,,,0,31,31,0.0,34.0,34.0,0.0004167183188762027,0.00041671831887620263
cliente_5127967297,cliente,,,0,34,34,0.0,34.0,34.0,0.0004167183188762027,0.00041671831887620263
cliente_3236147948,cliente,,,0,19,19,0.0,19.0,19.0,0.0004167183188762027,0.00041671831887620263
cliente_2378879400,cliente,,,0,36,36,0.0,38.0,38.0,0.0004167183188762027,0.00041671831887620263
cliente_5341236059,cliente,,,0,27,27,0.0,28.0,28.0,0.0004167183188762027,0.00041671831887620263
cliente_9890237117,cliente,,,0,21,21,0.0,21.0,21.0,0.0004167183188762027,0.00041671831887620263
cliente_2295398057,cliente,,,0,45,45,0.0,46.0,46.0,0.0004167183188762027,0.00041671831887620263
cliente_0694085635,cliente,,,0,32,32,0.0,32.0,32.0,0.0004167183188762027,0.00041671831887620263
cliente_7090915822,cliente,,,0,16,16,0.0,16.0,16.0,0.0004167183188762027,0.00041671831887620263
cliente_8742637543,cliente,,,0,15,15,0.0,15.0,15.0,0.0004167183188762027,0.00041671831887620263
cliente_0052427593,cliente,,,0,33,33,0.0,36.0,36.0,0.0004167183188762027,0.00041671831887620263
cliente_1609503233,cliente,,,0,27,27,0.0,27.0,27.0,0.0004167183188762027,0.00041671831887620263
cliente_2916323714,cliente,,,0,32,32,0.0,34.0,34.0,0.0004167183188762027,0.00041671831887620263
cliente_1891369234,cliente,,,0,14,14,0.0,15.0,15.0,0.0004167183188762027,0.00041671831887620263
cliente_3631310508,cliente,,,0,10,10,0.0,10.0,10.0,0.0004167183188762027,0.00041671831887620263
cliente_4952725802,cliente,,,0,17,17,0.0,17.0,17.0,0.0004167183188762027,0.00041671831887620263
cliente_4172282077,cliente,,,0,25,25,0.0,25.0,25.0,0.0004167183188762027,0.00041671831887620263
cliente_7952266491,cliente,,,0,26,26,0.0,26.0,26.0,0.0004167183188762027,0.00041671831887620263
cliente_5868819820,cliente,,,0,22,22,0.0,23.0,23.0,0.0004167183188762027,0.00041671831887620263
cliente_3283824862,cliente,,,0,22,22,0.0,23.0,23.0,0.0004167183188762027,0.00041671831887620263
cliente_9268830077,cliente,,,0,27,27,0.0,29.0,29.0,0.0004167183188762027,0.00041671831887620263
cliente_7460398295,cliente,,,0,40,40,0.0,40.0,40.0,0.0004167183188762027,0.00041671831887620263
cliente_0179367055,cliente,,,0,30,30,0.0,31.0,31.0,0.0004167183188762027,0.00041671831887620263
cliente_5197431240,cliente,,,0,51,51,0.0,56.0,56.0,0.0004167183188762027,0.00041671831887620263
cliente_5424188063,cliente,,,0,33,33,0.0,35.0,35.0,0.0004167183188762027,0.00041671831887620263
cliente_8201553415,cliente,,,0,8,8,0.0,8.0,8.0,0.0004167183188762027,0.00041671831887620263
cliente_2779435573,cliente,,,0,26,26,0.0,26.0,26.0,0.0004167183188762027,0.00041671831887620263
cliente_8392609160,cliente,,,0,49,49,0.0,50.0,50.0,0.0004167183188762027,0.00041671831887620263
cliente_2234879123,cliente,,,0,13,13,0.0,13.0,13.0,0.0004167183188762027,0.00041671831887620263
cliente_6415415904,cliente,,,0,19,19,0.0,20.0,20.0,0.0004167183188762027,0.00041671831887620263
cliente_8502556811,cliente,,,0,25,25,0.0,26.0,26.0,0.0004167183188762027,0.00041671831887620263
cliente_6192181549,cliente,,,0,6,6,0.0,6.0,6.0,0.0004167183188762027,0.00041671831887620263
cliente_8084921861,cliente,,,0,18,18,0.0,18.0,18.0,0.0004167183188762027,0.00041671831887620263
cliente_3160833744,cliente,,,0,15,15,0.0,15.0,15.0,0.0004167183188762027,0.00041671831887620263
cliente_5958577333,cliente,,,0,19,19,0.0,19.0,19.0,0.0004167183188762027,0.00041671831887620263
cliente_5765063371,cliente,,,0,24,24,0.0,24.0,24.0,0.0004167183188762027,0.00041671831887620263
cliente_7234931555,cliente,,,0,21,21,0.0,21.0,21.0,0.0004167183188762027,0.00041671831887620263
cliente_6769302594,cliente,,,0,9,9,0.0,9.0,9.0,0.0004167183188762027,0.00041671831887620263
cliente_2069595533,cliente,,,0,28,28,0.0,29.0,29.0,0.0004167183188762027,0.00041671831887620263
cliente_8428418772,cliente,,,0,13,13,0.0,13.0,13.0,0.0004167183188762027,0.00041671831887620263
cliente_1278392792,cliente,,,0,15,15,0.0,16.0,16.0,0.0004167183188762027,0.00041671831887620263
cliente_1356946209,cliente,,,0,18,18,0.0,19.0,19.0,0.0004167183188762027,0.00041671831887620263
cliente_1765723542,cliente,,,0,36,36,0.0,36.0,36.0,0.0004167183188762027,0.00041671831887620263
cliente_5514390515,cliente,,,0,21,21,0.0,21.0,21.0,0.0004167183188762027,0.00041671831887620263
cliente_6258410119,cliente,,,0,18,18,0.0,20.0,20.0,0.0004167183188762027,0.00041671831887620263
cliente_1457403395,cliente,,,0,8,8,0.0,8.0,8.0,0.0004167183188762027,0.00041671831887620263
cliente_1724282673,cliente,,,0,20,20,0.0,20.0,20.0,0.0004167183188762027,0.00041671831887620263
cliente_5843228601,cliente,,,0,3,3,0.0,3.0,3.0,0.0004167183188762027,0.00041671831887620263
cliente_0305020738,cliente,,,0,6,6,0.0,6.0,6.0,0.0004167183188762027,0.00041671831887620263
cliente_6543118071,cliente,,,0,12,12,0.0,12.0,12.0,0.0004167183188762027,0.00041671831887620263
cliente_9751725919,cliente,,,0,15,15,0.0,16.0,16.0,0.0004167183188762027,0.00041671831887620263
cliente_2645733359,cliente,,,0,30,30,0.0,30.0,30.0,0.0004167183188762027,0.00041671831887620263
cliente_5822084536,cliente,,,0,20,20,0.0,20.0,20.0,0.0004167183188762027,0.00041671831887620263
cliente_3386695097,cliente,,,0,66,66,0.0,70.0,70.0,0.0004167183188762027,0.00041671831887620263
cliente_0800031675,cliente,,,0,29,29,0.0,29.0,29.0,0.0004167183188762027,0.00041671831887620263
cliente_2191177584,cliente,,,0,31,31,0.0,32.0,32.0,0.0004167183188762027,0.00041671831887620263
cliente_0030554736,cliente,,,0,14,14,0.0,14.0,14.0,0.0004167183188762027,0.00041671831887620263
cliente_1974610207,cliente,,,0,27,27,0.0,29.0,29.0,0.0004167183188762027,0.00041671831887620263
cliente_6397245149,cliente,,,0,35,35,0.0,35.0,35.0,0.0004167183188762027,0.00041671831887620263
cliente_4104703475,cliente,,,0,46,46,0.0,47.0,47.0,0.0004167183188762027,0.00041671831887620263
cliente_7499781234,cliente,,,0,16,16,0.0,16.0,16.0,0.0004167183188762027,0.00041671831887620263
cliente_8285520860,cliente,,,0,16,16,0.0,17.0,17.0,0.0004167183188762027,0.00041671831887620263
cliente_9222999124,cliente,,,0,40,40,0.0,41.0,41.0,0.0004167183188762027,0.00041671831887620263
cliente_9680835550,cliente,,,0,30,30,0.0,30.0,30.0,0.0004167183188762027,0.00041671831887620263
cliente_6138037114,cliente,,,0,12,12,0.0,12.0,12.0,0.0004167183188762027,0.00041671831887620263
cliente_6842871443,cliente,,,0,13,13,0.0,13.0,13.0,0.0004167183188762027,0.00041671831887620263
cliente_5917828637,cliente,,,0,26,26,0.0,26.0,26.0,0.0004167183188762027,0.00041671831887620263
cliente_5122937365,cliente,,,0,6,6,0.0,7.0,7.0,0.0004167183188762027,0.00041671831887620263
cliente_2616231967,cliente,,,0,24,24,0.0,25.0,25.0,0.0004167183188762027,0.00041671831887620263
cliente_6776833603,cliente,,,0,27,27,0.0,27.0,27.0,0.0004167183188762027,0.00041671831887620263
cliente_1552289806,cliente,,,0,47,47,0.0,49.0,49.0,0.0004167183188762027,0.00041671831887620263
cliente_6361051442,cliente,,,0,14,14,0.0,14.0,14.0,0.0004167183188762027,0.00041671831887620263
cliente_9979092476,cliente,,,0,30,30,0.0,30.0,30.0,0.0004167183188762027,0.00041671831887620263
cliente_2191260539,cliente,,,0,55,55,0.0,56.0,56.0,0.0004167183188762027,0.00041671831887620263
cliente_1153315403,cliente,,,0,3,3,0.0,3.0,3.0,0.0004167183188762027,0.00041671831887620263
cliente_0934395656,cliente,,,0,28,28,0.0,28.0,28.0,0.0004167183188762027,0.00041671831887620263
cliente_9017315533,cliente,,,0,25,25,0.0,25.0,25.0,0.0004167183188762027,0.00041671831887620263
cliente_7495051024,cliente,,,0,23,23,0.0,23.0,23.0,0.0004167183188762027,0.00041671831887620263
cliente_2814557832,cliente,,,0,38,38,0.0,41.0,41.0,0.0004167183188762027,0.00041671831887620263
cliente_5869672757,cliente,,,0,45,45,0.0,46.0,46.0,0.0004167183188762027,0.00041671831887620263
cliente_6998019746,cliente,,,0,7,7,0.0,7.0,7.0,0.0004167183188762027,0.00041671831887620263
cliente_3789956401,cliente,,,0,21,21,0.0,21.0,21.0,0.0004167183188762027,0.00041671831887620263
cliente_7875665482,cliente,,,0,19,19,0.0,19.0,19.0,0.0004167183188762027,0.00041671831887620263
cliente_0243078808,cliente,,,0,26,26,0.0,26.0,26.0,0.0004167183188762027,0.00041671831887620263
cliente_5502988139,cliente,,,0,35,35,0.0,35.0,35.0,0.0004167183188762027,0.00041671831887620263
cliente_5922183708,cliente,,,0,43,43,0.0,44.0,44.0,0.0004167183188762027,0.00041671831887620263
cliente_3514758540,cliente,,,0,21,21,0.0,21.0,21.0,0.0004167183188762027,0.00041671831887620263
cliente_9518928622,cliente,,,0,47,47,0.0,50.0,50.0,0.0004167183188762027,0.00041671831887620263
cliente_8297569256,cliente,,,0,28,28,0.0,29.0,29.0,0.0004167183188762027,0.00041671831887620263
cliente_9714254016,cliente,,,0,20,20,0.0,21.0,21.0,0.0004167183188762027,0.00041671831887620263
cliente_8480467384,cliente,,,0,8,8,0.0,8.0,8.0,0.0004167183188762027,0.00041671831887620263
cliente_5776461519,cliente,,,0,18,18,0.0,18.0,18.0,0.0004167183188762027,0.00041671831887620263
cliente_1775528307,cliente,,,0,6,6,0.0,6.0,6.0,0.0004167183188762027,0.00041671831887620263
cliente_1773712801,cliente,,,0,6,6,0.0,6.0,6.0,0.0004167183188762027,0.00041671831887620263
cliente_2874036976,cliente,,,0,25,25,0.0,25.0,25.0,0.0004167183188762027,0.00041671831887620263
cliente_2160021100,cliente,,,0,22,22,0.0,23.0,23.0,0.0004167183188762027,0.00041671831887620263
cliente_6671435415,cliente,,,0,8,8,0.0,8.0,8.0,0.0004167183188762027,0.00041671831887620263
cliente_1203203875,cliente,,,0,12,12,0.0,12.0,12.0,0.0004167183188762027,0.00041671831887620263
cliente_1900446510,cliente,,,0,47,47,0.0,47.0,47.0,0.0004167183188762027,0.00041671831887620263
cliente_1223084448,cliente,,,0,34,34,0.0,34.0,34.0,0.0004167183188762027,0.00041671831887620263
cliente_3632602641,cliente,,,0,49,49,0.0,51.0,51.0,0.0004167183188762027,0.00041671831887620263
cliente_7862574002,cliente,,,0,26,26,0.0,26.0,26.0,0.0004167183188762027,0.00041671831887620263
cliente_3665576354,cliente,,,0,18,18,0.0,19.0,19.0,0.0004167183188762027,0.00041671831887620263
cliente_9862686329,cliente,,,0,16,16,0.0,16.0,16.0,0.0004167183188762027,0.00041671831887620263
cliente_8488122392,cliente,,,0,30,30,0.0,32.0,32.0,0.0004167183188762027,0.00041671831887620263
cliente_1422405233,cliente,,,0,29,29,0.0,31.0,31.0,0.0004167183188762027,0.00041671831887620263
cliente_8611068020,cliente,,,0,15,15,0.0,15.0,15.0,0.0004167183188762027,0.00041671831887620263
cliente_2056986787,cliente,,,0,21,21,0.0,22.0,22.0,0.0004167183188762027,0.00041671831887620263
cliente_9045362380,cliente,,,0,21,21,0.0,21.0,21.0,0.0004167183188762027,0.00041671831887620263
cliente_3881676107,cliente,,,0,16,16,0.0,16.0,16.0,0.0004167183188762027,0.00041671831887620263
cliente_5231743013,cliente,,,0,34,34,0.0,36.0,36.0,0.0004167183188762027,0.00041671831887620263
cliente_3037176819,cliente,,,0,24,24,0.0,25.0,25.0,0.0004167183188762027,0.00041671831887620263
cliente_2308915718,cliente,,,0,6,6,0.0,6.0,6.0,0.0004167183188762027,0.00041671831887620263
cliente_9140167311,cliente,,,0,39,39,0.0,42.0,42.0,0.0004167183188762027,0.00041671831887620263
cliente_1432910460,cliente,,,0,13,13,0.0,13.0,13.0,0.0004167183188762027,0.00041671831887620263
cliente_4892683156,cliente,,,0,18,18,0.0,19.0,19.0,0.0004167183188762027,0.00041671831887620263
cliente_7109933294,cliente,,,0,35,35,0.0,36.0,36.0,0.0004167183188762027,0.00041671831887620263
cliente_7000356118,cliente,,,0,22,22,0.0,22.0,22.0,0.0004167183188762027,0.00041671831887620263
cliente_7979297126,cliente,,,0,22,22,0.0,23.0,23.0,0.0004167183188762027,0.00041671831887620263
cliente_2093471396,cliente,,,0,16,16,0.0,16.0,16.0,0.0004167183188762027,0.00041671831887620263
cliente_4102205066,cliente,,,0,37,37,0.0,38.0,38.0,0.0004167183188762027,0.00041671831887620263
cliente_9552844894,cliente,,,0,7,7,0.0,7.0,7.0,0.0004167183188762027,0.00041671831887620263
cliente_7549674183,cliente,,,0,9,9,0.0,9.0,9.0,0.0004167183188762027,0.00041671831887620263
cliente_5534721112,cliente,,,0,21,21,0.0,21.0,21.0,0.0004167183188762027,0.00041671831887620263
cliente_7837310211,cliente,,,0,18,18,0.0,18.0,18.0,0.0004167183188762027,0.00041671831887620263
cliente_3872897353,cliente,,,0,29,29,0.0,29.0,29.0,0.0004167183188762027,0.00041671831887620263
cliente_8881054342,cliente,,,0,22,22,0.0,22.0,22.0,0.0004167183188762027,0.00041671831887620263
cliente_9503752981,cliente,,,0,27,27,0.0,27.0,27.0,0.0004167183188762027,0.00041671831887620263
cliente_7140695722,cliente,,,0,34,34,0.0,36.0,36.0,0.0004167183188762027,0.00041671831887620263
cliente_3033027651,cliente,,,0,29,29,0.0,29.0,29.0,0.0004167183188762027,0.00041671831887620263
cliente_6369248945,cliente,,,0,26,26,0.0,26.0,26.0,0.0004167183188762027,0.00041671831887620263
cliente_4508125061,cliente,,,0,7,7,0.0,7.0,7.0,0.0004167183188762027,0.00041671831887620263
cliente_8025385140,cliente,,,0,21,21,0.0,21.0,21.0,0.0004167183188762027,0.00041671831887620263
cliente_6687512336,cliente,,,0,43,43,0.0,46.0,46.0,0.0004167183188762027,0.00041671831887620263
cliente_3932282498,cliente,,,0,5,5,0.0,5.0,5.0,0.0004167183188762027,0.00041671831887620263
cliente_1568552314,cliente,,,0,8,8,0.0,8.0,8.0,0.0004167183188762027,0.00041671831887620263
cliente_3535491081,cliente,,,0,20,20,0.0,20.0,20.0,0.0004167183188762027,0.00041671831887620263
cliente_0351456770,cliente,,,0,16,16,0.0,16.0,16.0,0.0004167183188762027,0.00041671831887620263
cliente_2074354511,cliente,,,0,17,17,0.0,17.0,17.0,0.0004167183188762027,0.00041671831887620263
cliente_2528049002,cliente,,,0,23,23,0.0,23.0,23.0,0.0004167183188762027,0.00041671831887620263
cliente_6598872771,cliente,,,0,12,12,0.0,12.0,12.0,0.0004167183188762027,0.00041671831887620263
cliente_4494733028,cliente,,,0,32,32,0.0,33.0,33.0,0.0004167183188762027,0.00041671831887620263
cliente_7795229768,cliente,,,0,38,38,0.0,39.0,39.0,0.0004167183188762027,0.00041671831887620263
cliente_9732943894,cliente,,,0,18,18,0.0,18.0,18.0,0.0004167183188762027,0.00041671831887620263
cliente_5101159389,cliente,,,0,9,9,0.0,9.0,9.0,0.0004167183188762027,0.00041671831887620263
cliente_8872182153,cliente,,,0,27,27,0.0,28.0,28.0,0.0004167183188762027,0.00041671831887620263
cliente_9023061060,cliente,,,0,43,43,0.0,44.0,44.0,0.0004167183188762027,0.00041671831887620263
cliente_4866149761,cliente,,,0,22,22,0.0,22.0,22.0,0.0004167183188762027,0.00041671831887620263
cliente_5605993617,cliente,,,0,16,16,0.0,17.0,17.0,0.0004167183188762027,0.00041671831887620263
cliente_9945213618,cliente,,,0,14,14,0.0,15.0,15.0,0.0004167183188762027,0.00041671831887620263
cliente_8367272109,cliente,,,0,49,49,0.0,51.0,51.0,0.0004167183188762027,0.00041671831887620263
cliente_8660087110,cliente,,,0,24,24,0.0,24.0,24.0,0.0004167183188762027,0.00041671831887620263
cliente_8847908598,cliente,,,0,27,27,0.0,27.0,27.0,0.0004167183188762027,0.00041671831887620263
cliente_7474933451,cliente,,,0,19,19,0.0,19.0,19.0,0.0004167183188762027,0.00041671831887620263
cliente_1250188364,cliente,,,0,18,18,0.0,18.0,18.0,0.0004167183188762027,0.00041671831887620263
cliente_8704165210,cliente,,,0,38,38,0.0,38.0,38.0,0.0004167183188762027,0.00041671831887620263
cliente_4262030056,cliente,,,0,27,27,0.0,27.0,27.0,0.0004167183188762027,0.00041671831887620263
cliente_1416981956,cliente,,,0,24,24,0.0,24.0,24.0,0.0004167183188762027,0.00041671831887620263
cliente_2343880732,cliente,,,0,25,25,0.0,25.0,25.0,0.0004167183188762027,0.00041671831887620263
cliente_5533885353,cliente,,,0,12,12,0.0,13.0,13.0,0.0004167183188762027,0.00041671831887620263
cliente_8185973489,cliente,,,0,62,62,0.0,63.0,63.0,0.0004167183188762027,0.00041671831887620263
cliente_6525073905,cliente,,,0,19,19,0.0,19.0,19.0,0.0004167183188762027,0.00041671831887620263
cliente_8281085215,cliente,,,0,18,18,0.0,19.0,19.0,0.0004167183188762027,0.00041671831887620263
cliente_2643252009,cliente,,,0,15,15,0.0,16.0,16.0,0.0004167183188762027,0.00041671831887620263
cliente_6146816785,cliente,,,0,8,8,0.0,8.0,8.0,0.0004167183188762027,0.00041671831887620263
cliente_0174304895,cliente,,,0,32,32,0.0,32.0,32.0,0.0004167183188762027,0.00041671831887620263
cliente_7964494693,cliente,,,0,32,32,0.0,32.0,32.0,0.0004167183188762027,0.00041671831887620263
cliente_0595935870,cliente,,,0,15,15,0.0,17.0,17.0,0.0004167183188762027,0.00041671831887620263
cliente_0397164202,cliente,,,0,5,5,0.0,5.0,5.0,0.0004167183188762027,0.00041671831887620263
cliente_0429785827,cliente,,,0,18,18,0.0,19.0,19.0,0.0004167183188762027,0.00041671831887620263
cliente_5738178707,cliente,,,0,27,27,0.0,29.0,29.0,0.0004167183188762027,0.00041671831887620263
cliente_4284287339,cliente,,,0,29,29,0.0,31.0,31.0,0.0004167183188762027,0.00041671831887620263
cliente_3456045332,cliente,,,0,31,31,0.0,31.0,31.0,0.0004167183188762027,0.00041671831887620263
cliente_9274941613,cliente,,,0,39,39,0.0,42.0,42.0,0.0004167183188762027,0.00041671831887620263
cliente_7330628792,cliente,,,0,6,6,0.0,7.0,7.0,0.0004167183188762027,0.00041671831887620263
cliente_7738371662,cliente,,,0,27,27,0.0,27.0,27.0,0.0004167183188762027,0.00041671831887620263
cliente_6724633823,cliente,,,0,33,33,0.0,33.0,33.0,0.0004167183188762027,0.00041671831887620263
cliente_8114575713,cliente,,,0,16,16,0.0,17.0,17.0,0.0004167183188762027,0.00041671831887620263
cliente_8175532180,cliente,,,0,22,22,0.0,22.0,22.0,0.0004167183188762027,0.00041671831887620263
cliente_2477564144,cliente,,,0,7,7,0.0,7.0,7.0,0.0004167183188762027,0.00041671831887620263
cliente_6687662418,cliente,,,0,21,21,0.0,21.0,21.0,0.0004167183188762027,0.00041671831887620263
cliente_1429309604,cliente,,,0,32,32,0.0,33.0,33.0,0.0004167183188762027,0.00041671831887620263
cliente_6980954853,cliente,,,0,26,26,0.0,27.0,27.0,0.0004167183188762027,0.00041671831887620263
cliente_0970150764,cliente,,,0,26,26,0.0,26.0,26.0,0.0004167183188762027,0.00041671831887620263
cliente_5245935965,cliente,,,0,14,14,0.0,14.0,14.0,0.0004167183188762027,0.00041671831887620263
cliente_5737026068,cliente,,,0,16,16,0.0,16.0,16.0,0.0004167183188762027,0.00041671831887620263
cliente_5535721103,cliente,,,0,18,18,0.0,19.0,19.0,0.0004167183188762027,0.00041671831887620263
cliente_7395196359,cliente,,,0,62,62,0.0,67.0,67.0,0.0004167183188762027,0.00041671831887620263
cliente_6816415259,cliente,,,0,43,43,0.0,44.0,44.0,0.0004167183188762027,0.00041671831887620263
cliente_9060759182,cliente,,,0,36,36,0.0,38.0,38.0,0.0004167183188762027,0.00041671831887620263
cliente_9543359415,cliente,,,0,31,31,0.0,31.0,31.0,0.0004167183188762027,0.00041671831887620263
cliente_7074785965,cliente,,,0,29,29,0.0,30.0,30.0,0.0004167183188762027,0.00041671831887620263
cliente_5285608147,cliente,,,0,62,62,0.0,65.0,65.0,0.0004167183188762027,0.00041671831887620263
cliente_9862241516,cliente,,,0,38,38,0.0,39.0,39.0,0.0004167183188762027,0.00041671831887620263
cliente_5344567231,cliente,,,0,4,4,0.0,4.0,4.0,0.0004167183188762027,0.00041671831887620263
cliente_6243231849,cliente,,,0,33,33,0.0,33.0,33.0,0.0004167183188762027,0.00041671831887620263
cliente_2064346963,cliente,,,0,10,10,0.0,10.0,10.0,0.0004167183188762027,0.00041671831887620263
cliente_4714723644,cliente,,,0,33,33,0.0,34.0,34.0,0.0004167183188762027,0.00041671831887620263
cliente_9890567186,cliente,,,0,42,42,0.0,43.0,43.0,0.0004167183188762027,0.00041671831887620263
cliente_7884038167,cliente,,,0,13,13,0.0,13.0,13.0,0.0004167183188762027,0.00041671831887620263
cliente_4081531131,cliente,,,0,17,17,0.0,17.0,17.0,0.0004167183188762027,0.00041671831887620263
cliente_2252892068,cliente,,,0,34,34,0.0,34.0,34.0,0.0004167183188762027,0.00041671831887620263
cliente_0432132403,cliente,,,0,31,31,0.0,32.0,32.0,0.0004167183188762027,0.00041671831887620263
cliente_4068519772,cliente,,,0,17,17,0.0,17.0,17.0,0.0004167183188762027,0.00041671831887620263
cliente_3556520755,cliente,,,0,24,24,0.0,25.0,25.0,0.0004167183188762027,0.00041671831887620263
cliente_8082971840,cliente,,,0,43,43,0.0,44.0,44.0,0.0004167183188762027,0.00041671831887620263
cliente_9267917514,cliente,,,0,29,29,0.0,30.0,30.0,0.0004167183188762027,0.00041671831887620263
cliente_5375803851,cliente,,,0,16,16,0.0,16.0,16.0,0.0004167183188762027,0.00041671831887620263
cliente_7751808362,cliente,,,0,15,15,0.0,15.0,15.0,0.0004167183188762027,0.00041671831887620263
cliente_4818439619,cliente,,,0,23,23,0.0,23.0,23.0,0.0004167183188762027,0.00041671831887620263
cliente_1505792082,cliente,,,0,37,37,0.0,38.0,38.0,0.0004167183188762027,0.00041671831887620263
cliente_8615946178,cliente,,,0,33,33,0.0,33.0,33.0,0.0004167183188762027,0.00041671831887620263
cliente_3921079504,cliente,,,0,41,41,0.0,44.0,44.0,0.0004167183188762027,0.00041671831887620263
cliente_6902862258,cliente,,,0,15,15,0.0,15.0,15.0,0.0004167183188762027,0.00041671831887620263
cliente_5162171226,cliente,,,0,3,3,0.0,3.0,3.0,0.0004167183188762027,0.00041671831887620263
cliente_3223027017,cliente,,,0,4,4,0.0,4.0,4.0,0.0004167183188762027,0.00041671831887620263
cliente_0409287183,cliente,,,0,14,14,0.0,14.0,14.0,0.0004167183188762027,0.00041671831887620263
cliente_0895339214,cliente,,,0,24,24,0.0,25.0,25.0,0.0004167183188762027,0.00041671831887620263
cliente_3151127216,cliente,,,0,33,33,0.0,33.0,33.0,0.0004167183188762027,0.00041671831887620263
cliente_2383271731,cliente,,,0,25,25,0.0,26.0,26.0,0.0004167183188762027,0.00041671831887620263
cliente_3519514598,cliente,,,0,19,19,0.0,19.0,19.0,0.0004167183188762027,0.00041671831887620263
cliente_4354020531,cliente,,,0,43,43,0.0,44.0,44.0,0.0004167183188762027,0.00041671831887620263
cliente_5119735325,cliente,,,0,40,40,0.0,40.0,40.0,0.0004167183188762027,0.00041671831887620263
cliente_1569968659,cliente,,,0,31,31,0.0,33.0,33.0,0.0004167183188762027,0.00041671831887620263
cliente_0597319619,cliente,,,0,47,47,0.0,52.0,52.0,0.0004167183188762027,0.00041671831887620263
cliente_5949565391,cliente,,,0,25,25,0.0,26.0,26.0,0.0004167183188762027,0.00041671831887620263
cliente_0767662532,cliente,,,0,33,33,0.0,34.0,34.0,0.0004167183188762027,0.00041671831887620263
cliente_9659549291,cliente,,,0,15,15,0.0,15.0,15.0,0.0004167183188762027,0.00041671831887620263
cliente_2295355813,cliente,,,0,44,44,0.0,44.0,44.0,0.0004167183188762027,0.00041671831887620263
cliente_9958828308,cliente,,,0,27,27,0.0,27.0,27.0,0.0004167183188762027,0.00041671831887620263
cliente_4240090975,cliente,,,0,15,15,0.0,17.0,17.0,0.0004167183188762027,0.00041671831887620263
cliente_7076640236,cliente,,,0,18,18,0.0,18.0,18.0,0.0004167183188762027,0.00041671831887620263
cliente_8407680984,cliente,,,0,14,14,0.0,14.0,14.0,0.0004167183188762027,0.00041671831887620263
cliente_9161773356,cliente,,,0,10,10,0.0,11.0,11.0,0.0004167183188762027,0.00041671831887620263
cliente_7124740803,cliente,,,0,21,21,0.0,22.0,22.0,0.0004167183188762027,0.00041671831887620263
cliente_2142262533,cliente,,,0,26,26,0.0,27.0,27.0,0.0004167183188762027,0.00041671831887620263
cliente_9611028203,cliente,,,0,29,29,0.0,30.0,30.0,0.0004167183188762027,0.00041671831887620263
cliente_2381634992,cliente,,,0,19,19,0.0,20.0,20.0,0.0004167183188762027,0.00041671831887620263
cliente_8776367470,cliente,,,0,23,23,0.0,23.0,23.0,0.0004167183188762027,0.00041671831887620263
cliente_3845333305,cliente,,,0,34,34,0.0,36.0,36.0,0.0004167183188762027,0.00041671831887620263
cliente_5918851847,cliente,,,0,17,17,0.0,17.0,17.0,0.0004167183188762027,0.00041671831887620263
cliente_9063045091,cliente,,,0,25,25,0.0,26.0,26.0,0.0004167183188762027,0.00041671831887620263
cliente_9035001019,cliente,,,0,14,14,0.0,14.0,14.0,0.0004167183188762027,0.00041671831887620263
cliente_7286090670,cliente,,,0,39,39,0.0,43.0,43.0,0.0004167183188762027,0.00041671831887620263
cliente_7336751030,cliente,,,0,20,20,0.0,21.0,21.0,0.0004167183188762027,0.00041671831887620263
cliente_7224972009,cliente,,,0,12,12,0.0,12.0,12.0,0.0004167183188762027,0.00041671831887620263
cliente_6606690053,cliente,,,0,16,16,0.0,17.0,17.0,0.0004167183188762027,0.00041671831887620263
cliente_7692506791,cliente,,,0,9,9,0.0,9.0,9.0,0.0004167183188762027,0.00041671831887620263
cliente_3467007589,cliente,,,0,42,42,0.0,44.0,44.0,0.0004167183188762027,0.00041671831887620263
cliente_4420145523,cliente,,,0,40,40,0.0,41.0,41.0,0.0004167183188762027,0.00041671831887620263
cliente_9293274851,cliente,,,0,26,26,0.0,27.0,27.0,0.0004167183188762027,0.00041671831887620263
cliente_6432686942,cliente,,,0,27,27,0.0,28.0,28.0,0.0004167183188762027,0.00041671831887620263
cliente_8623404985,cliente,,,0,39,39,0.0,41.0,41.0,0.0004167183188762027,0.00041671831887620263
cliente_0834420940,cliente,,,0,29,29,0.0,29.0,29.0,0.0004167183188762027,0.00041671831887620263
cliente_2113876534,cliente,,,0,33,33,0.0,34.0,34.0,0.0004167183188762027,0.00041671831887620263
cliente_9986181769,cliente,,,0,16,16,0.0,17.0,17.0,0.0004167183188762027,0.00041671831887620263
cliente_4951400044,cliente,,,0,26,26,0.0,27.0,27.0,0.0004167183188762027,0.00041671831887620263
cliente_8189822067,cliente,,,0,34,34,0.0,35.0,35.0,0.0004167183188762027,0.00041671831887620263
cliente_2055038238,cliente,,,0,24,24,0.0,24.0,24.0,0.0004167183188762027,0.00041671831887620263
cliente_3435991995,cliente,,,0,34,34,0.0,34.0,34.0,0.0004167183188762027,0.00041671831887620263
cliente_8761720842,cliente,,,0,43,43,0.0,45.0,45.0,0.0004167183188762027,0.00041671831887620263
cliente_8626251113,cliente,,,0,23,23,0.0,23.0,23.0,0.0004167183188762027,0.00041671831887620263
cliente_6034553246,cliente,,,0,4,4,0.0,4.0,4.0,0.0004167183188762027,0.00041671831887620263
cliente_6834173334,cliente,,,0,8,8,0.0,8.0,8.0,0.0004167183188762027,0.00041671831887620263
cliente_5628996727,cliente,,,0,21,21,0.0,21.0,21.0,0.0004167183188762027,0.00041671831887620263
cliente_8214148816,cliente,,,0,15,15,0.0,15.0,15.0,0.0004167183188762027,0.00041671831887620263
cliente_0088525031,cliente,,,0,27,27,0.0,27.0,27.0,0.0004167183188762027,0.00041671831887620263
cliente_2863733502,cliente,,,0,12,12,0.0,12.0,12.0,0.0004167183188762027,0.00041671831887620263
cliente_5328944458,cliente,,,0,31,31,0.0,31.0,31.0,0.0004167183188762027,0.00041671831887620263
cliente_9930735367,cliente,,,0,30,30,0.0,30.0,30.0,0.0004167183188762027,0.00041671831887620263
cliente_0939187060,cliente,,,0,25,25,0.0,25.0,25.0,0.0004167183188762027,0.00041671831887620263
cliente_8764436339,cliente,,,0,19,19,0.0,19.0,19.0,0.0004167183188762027,0.00041671831887620263
cliente_1830904323,cliente,,,0,52,52,0.0,56.0,56.0,0.0004167183188762027,0.00041671831887620263
cliente_0479660067,cliente,,,0,19,19,0.0,19.0,19.0,0.0004167183188762027,0.00041671831887620263
cliente_4073201643,cliente,,,0,6,6,0.0,6.0,6.0,0.0004167183188762027,0.00041671831887620263
cliente_9113287944,cliente,,,0,12,12,0.0,12.0,12.0,0.0004167183188762027,0.00041671831887620263
cliente_8332792767,cliente,,,0,7,7,0.0,7.0,7.0,0.0004167183188762027,0.00041671831887620263
cliente_2700331872,cliente,,,0,23,23,0.0,24.0,24.0,0.0004167183188762027,0.00041671831887620263
cliente_8502105315,cliente,,,0,21,21,0.0,21.0,21.0,0.0004167183188762027,0.00041671831887620263
cliente_4637189099,cliente,,,0,28,28,0.0,28.0,28.0,0.0004167183188762027,0.00041671831887620263
cliente_8330215622,cliente,,,0,16,16,0.0,16.0,16.0,0.0004167183188762027,0.00041671831887620263
cliente_7986720125,cliente,,,0,28,28,0.0,28.0,28.0,0.0004167183188762027,0.00041671831887620263
cliente_5568374119,cliente,,,0,13,13,0.0,13.0,13.0,0.0004167183188762027,0.00041671831887620263
cliente_4010168715,cliente,,,0,63,63,0.0,64.0,64.0,0.0004167183188762027,0.00041671831887620263
cliente_0527668613,cliente,,,0,11,11,0.0,11.0,11.0,0.0004167183188762027,0.00041671831887620263
cliente_9865451242,cliente,,,0,9,9,0.0,9.0,9.0,0.0004167183188762027,0.00041671831887620263
cliente_8658142141,cliente,,,0,18,18,0.0,18.0,18.0,0.0004167183188762027,0.00041671831887620263
cliente_3562908278,cliente,,,0,33,33,0.0,33.0,33.0,0.0004167183188762027,0.00041671831887620263
cliente_0532676594,cliente,,,0,24,24,0.0,24.0,24.0,0.0004167183188762027,0.00041671831887620263
cliente_1764943776,cliente,,,0,43,43,0.0,43.0,43.0,0.0004167183188762027,0.00041671831887620263
cliente_5235133916,cliente,,,0,22,22,0.0,22.0,22.0,0.0004167183188762027,0.00041671831887620263
cliente_4421157780,cliente,,,0,46,46,0.0,49.0,49.0,0.0004167183188762027,0.00041671831887620263
cliente_5003020930,cliente,,,0,26,26,0.0,26.0,26.0,0.0004167183188762027,0.00041671831887620263
cliente_3143278626,cliente,,,0,37,37,0.0,38.0,38.0,0.0004167183188762027,0.00041671831887620263
cliente_3779826929,cliente,,,0,20,20,0.0,20.0,20.0,0.0004167183188762027,0.00041671831887620263
cliente_3933356841,cliente,,,0,18,18,0.0,18.0,18.0,0.0004167183188762027,0.00041671831887620263
cliente_4692859578,cliente,,,0,11,11,0.0,11.0,11.0,0.0004167183188762027,0.00041671831887620263
cliente_4662375524,cliente,,,0,38,38,0.0,40.0,40.0,0.0004167183188762027,0.00041671831887620263
cliente_5623365846,cliente,,,0,33,33,0.0,35.0,35.0,0.0004167183188762027,0.00041671831887620263
cliente_3861910175,cliente,,,0,17,17,0.0,17.0,17.0,0.0004167183188762027,0.00041671831887620263
cliente_6520651788,cliente,,,0,10,10,0.0,10.0,10.0,0.0004167183188762027,0.00041671831887620263
cliente_3119953305,cliente,,,0,39,39,0.0,41.0,41.0,0.0004167183188762027,0.00041671831887620263
cliente_0977442654,cliente,,,0,8,8,0.0,8.0,8.0,0.0004167183188762027,0.00041671831887620263
cliente_9458321370,cliente,,,0,19,19,0.0,20.0,20.0,0.0004167183188762027,0.00041671831887620263
cliente_6740447413,cliente,,,0,15,15,0.0,15.0,15.0,0.0004167183188762027,0.00041671831887620263
cliente_9680777192,cliente,,,0,44,44,0.0,45.0,45.0,0.0004167183188762027,0.00041671831887620263
cliente_8081405264,cliente,,,0,30,30,0.0,30.0,30.0,0.0004167183188762027,0.00041671831887620263
cliente_9450140182,cliente,,,0,25,25,0.0,25.0,25.0,0.0004167183188762027,0.00041671831887620263
cliente_6348215052,cliente,,,0,23,23,0.0,23.0,23.0,0.0004167183188762027,0.00041671831887620263
cliente_7408502046,cliente,,,0,9,9,0.0,9.0,9.0,0.0004167183188762027,0.00041671831887620263
cliente_7935273161,cliente,,,0,29,29,0.0,30.0,30.0,0.0004167183188762027,0.00041671831887620263
cliente_9359120691,cliente,,,0,14,14,0.0,14.0,14.0,0.0004167183188762027,0.00041671831887620263
cliente_1449424486,cliente,,,0,18,18,0.0,18.0,18.0,0.0004167183188762027,0.00041671831887620263
cliente_6904301809,cliente,,,0,16,16,0.0,16.0,16.0,0.0004167183188762027,0.00041671831887620263
cliente_2286786775,cliente,,,0,12,12,0.0,12.0,12.0,0.0004167183188762027,0.00041671831887620263
cliente_3596450573,cliente,,,0,20,20,0.0,21.0,21.0,0.0004167183188762027,0.00041671831887620263
cliente_5321602281,cliente,,,0,22,22,0.0,22.0,22.0,0.0004167183188762027,0.00041671831887620263
cliente_7247789350,cliente,,,0,15,15,0.0,15.0,15.0,0.0004167183188762027,0.00041671831887620263
cliente_2752289616,cliente,,,0,36,36,0.0,39.0,39.0,0.0004167183188762027,0.00041671831887620263
cliente_7391646687,cliente,,,0,35,35,0.0,38.0,38.0,0.0004167183188762027,0.00041671831887620263
cliente_1800791684,cliente,,,0,22,22,0.0,23.0,23.0,0.0004167183188762027,0.00041671831887620263
cliente_2424378678,cliente,,,0,29,29,0.0,30.0,30.0,0.0004167183188762027,0.00041671831887620263
cliente_0332825559,cliente,,,0,8,8,0.0,8.0,8.0,0.0004167183188762027,0.00041671831887620263
cliente_4104960670,cliente,,,0,7,7,0.0,7.0,7.0,0.0004167183188762027,0.00041671831887620263
cliente_9976856147,cliente,,,0,26,26,0.0,27.0,27.0,0.0004167183188762027,0.00041671831887620263
cliente_8824047125,cliente,,,0,12,12,0.0,12.0,12.0,0.0004167183188762027,0.00041671831887620263
cliente_4038833642,cliente,,,0,47,47,0.0,48.0,48.0,0.0004167183188762027,0.00041671831887620263
cliente_8922741254,cliente,,,0,14,14,0.0,14.0,14.0,0.0004167183188762027,0.00041671831887620263
cliente_4386299338,cliente,,,0,19,19,0.0,20.0,20.0,0.0004167183188762027,0.00041671831887620263
cliente_5336744344,cliente,,,0,33,33,0.0,34.0,34.0,0.0004167183188762027,0.00041671831887620263
cliente_1889211597,cliente,,,0,31,31,0.0,32.0,32.0,0.0004167183188762027,0.00041671831887620263
cliente_6095177594,cliente,,,0,21,21,0.0,22.0,22.0,0.0004167183188762027,0.00041671831887620263
cliente_2601202476,cliente,,,0,19,19,0.0,19.0,19.0,0.0004167183188762027,0.00041671831887620263
cliente_8630795903,cliente,,,0,27,27,0.0,27.0,27.0,0.0004167183188762027,0.00041671831887620263
cliente_3170715537,cliente,,,0,19,19,0.0,20.0,20.0,0.0004167183188762027,0.00041671831887620263
cliente_3334790616,cliente,,,0,24,24,0.0,24.0,24.0,0.0004167183188762027,0.00041671831887620263
cliente_0009577869,cliente,,,0,37,37,0.0,41.0,41.0,0.0004167183188762027,0.00041671831887620263
cliente_5812673897,cliente,,,0,31,31,0.0,32.0,32.0,0.0004167183188762027,0.00041671831887620263
cliente_3320088211,cliente,,,0,44,44,0.0,45.0,45.0,0.0004167183188762027,0.00041671831887620263
cliente_6836913832,cliente,,,0,34,34,0.0,37.0,37.0,0.0004167183188762027,0.00041671831887620263
cliente_7892695442,cliente,,,0,18,18,0.0,18.0,18.0,0.0004167183188762027,0.00041671831887620263
cliente_8048735238,cliente,,,0,37,37,0.0,39.0,39.0,0.0004167183188762027,0.00041671831887620263
cliente_3016255371,cliente,,,0,24,24,0.0,24.0,24.0,0.0004167183188762027,0.00041671831887620263
cliente_2087176278,cliente,,,0,14,14,0.0,15.0,15.0,0.0004167183188762027,0.00041671831887620263
cliente_8828984181,cliente,,,0,7,7,0.0,7.0,7.0,0.0004167183188762027,0.00041671831887620263
cliente_7148413804,cliente,,,0,24,24,0.0,25.0,25.0,0.0004167183188762027,0.00041671831887620263
cliente_1031592378,cliente,,,0,20,20,0.0,23.0,23.0,0.0004167183188762027,0.00041671831887620263
cliente_5730756856,cliente,,,0,11,11,0.0,11.0,11.0,0.0004167183188762027,0.00041671831887620263
cliente_9170600223,cliente,,,0,20,20,0.0,20.0,20.0,0.0004167183188762027,0.00041671831887620263
cliente_1462532814,cliente,,,0,24,24,0.0,24.0,24.0,0.0004167183188762027,0.00041671831887620263
cliente_0096239836,cliente,,,0,23,23,0.0,23.0,23.0,0.0004167183188762027,0.00041671831887620263
cliente_6955095439,cliente,,,0,8,8,0.0,8.0,8.0,0.0004167183188762027,0.00041671831887620263
cliente_7109656430,cliente,,,0,10,10,0.0,10.0,10.0,0.0004167183188762027,0.00041671831887620263
cliente_0625333826,cliente,,,0,9,9,0.0,9.0,9.0,0.0004167183188762027,0.00041671831887620263
cliente_1113564244,cliente,,,0,14,14,0.0,14.0,14.0,0.0004167183188762027,0.00041671831887620263
cliente_6047938309,cliente,,,0,17,17,0.0,17.0,17.0,0.0004167183188762027,0.00041671831887620263
cliente_0661442945,cliente,,,0,26,26,0.0,27.0,27.0,0.0004167183188762027,0.00041671831887620263
cliente_0312966062,cliente,,,0,41,41,0.0,41.0,41.0,0.0004167183188762027,0.00041671831887620263
cliente_6426786602,cliente,,,0,20,20,0.0,20.0,20.0,0.0004167183188762027,0.00041671831887620263
cliente_4463858898,cliente,,,0,22,22,0.0,23.0,23.0,0.0004167183188762027,0.00041671831887620263
cliente_6042061382,cliente,,,0,18,18,0.0,18.0,18.0,0.0004167183188762027,0.00041671831887620263
cliente_6067154539,cliente,,,0,24,24,0.0,25.0,25.0,0.0004167183188762027,0.00041671831887620263
cliente_4518307023,cliente,,,0,44,44,0.0,46.0,46.0,0.0004167183188762027,0.00041671831887620263
cliente_6015254661,cliente,,,0,9,9,0.0,9.0,9.0,0.0004167183188762027,0.00041671831887620263
cliente_8365217273,cliente,,,0,20,20,0.0,20.0,20.0,0.0004167183188762027,0.00041671831887620263
cliente_7007913761,cliente,,,0,10,10,0.0,10.0,10.0,0.0004167183188762027,0.00041671831887620263
cliente_5521332977,cliente,,,0,40,40,0.0,40.0,40.0,0.0004167183188762027,0.00041671831887620263
cliente_8421340695,cliente,,,0,15,15,0.0,16.0,16.0,0.0004167183188762027,0.00041671831887620263
cliente_9737028678,cliente,,,0,21,21,0.0,21.0,21.0,0.0004167183188762027,0.00041671831887620263
cliente_8426989569,cliente,,,0,20,20,0.0,20.0,20.0,0.0004167183188762027,0.00041671831887620263
cliente_2573676401,cliente,,,0,18,18,0.0,18.0,18.0,0.0004167183188762027,0.00041671831887620263
cliente_1857846551,cliente,,,0,16,16,0.0,16.0,16.0,0.0004167183188762027,0.00041671831887620263
cliente_2953371123,cliente,,,0,3,3,0.0,3.0,3.0,0.0004167183188762027,0.00041671831887620263
cliente_2385934841,cliente,,,0,5,5,0.0,5.0,5.0,0.0004167183188762027,0.00041671831887620263
cliente_2043897784,cliente,,,0,3,3,0.0,3.0,3.0,0.0004167183188762027,0.00041671831887620263
cliente_7838323699,cliente,,,0,22,22,0.0,24.0,24.0,0.0004167183188762027,0.00041671831887620263
cliente_1350145560,cliente,,,0,9,9,0.0,9.0,9.0,0.0004167183188762027,0.00041671831887620263
cliente_4460824462,cliente,,,0,19,19,0.0,19.0,19.0,0.0004167183188762027,0.00041671831887620263
cliente_6994479092,cliente,,,0,30,30,0.0,30.0,30.0,0.0004167183188762027,0.00041671831887620263
cliente_7767915858,cliente,,,0,9,9,0.0,9.0,9.0,0.0004167183188762027,0.00041671831887620263
cliente_3216464154,cliente,,,0,13,13,0.0,13.0,13.0,0.0004167183188762027,0.00041671831887620263
cliente_8840068199,cliente,,,0,13,13,0.0,13.0,13.0,0.0004167183188762027,0.00041671831887620263
cliente_7557287637,cliente,,,0,26,26,0.0,26.0,26.0,0.0004167183188762027,0.00041671831887620263
cliente_9962429787,cliente,,,0,22,22,0.0,22.0,22.0,0.0004167183188762027,0.00041671831887620263
cliente_5910687278,cliente,,,0,8,8,0.0,8.0,8.0,0.0004167183188762027,0.00041671831887620263
cliente_3874128178,cliente,,,0,5,5,0.0,5.0,5.0,0.0004167183188762027,0.00041671831887620263
cliente_7821344335,cliente,,,0,34,34,0.0,34.0,34.0,0.0004167183188762027,0.00041671831887620263
cliente_7001036037,cliente,,,0,23,23,0.0,24.0,24.0,0.0004167183188762027,0.00041671831887620263
cliente_5068852189,cliente,,,0,27,27,0.0,27.0,27.0,0.0004167183188762027,0.00041671831887620263
cliente_5710216617,cliente,,,0,37,37,0.0,38.0,38.0,0.0004167183188762027,0.00041671831887620263
cliente_5867547953,cliente,,,0,21,21,0.0,22.0,22.0,0.0004167183188762027,0.00041671831887620263
cliente_7888924432,cliente,,,0,6,6,0.0,6.0,6.0,0.0004167183188762027,0.00041671831887620263
cliente_0083258698,cliente,,,0,23,23,0.0,24.0,24.0,0.0004167183188762027,0.00041671831887620263
cliente_1580049938,cliente,,,0,26,26,0.0,27.0,27.0,0.0004167183188762027,0.00041671831887620263
cliente_1275955365,cliente,,,0,30,30,0.0,30.0,30.0,0.0004167183188762027,0.00041671831887620263
cliente_2533412519,cliente,,,0,10,10,0.0,10.0,10.0,0.0004167183188762027,0.00041671831887620263
cliente_9412431531,cliente,,,0,30,30,0.0,30.0,30.0,0.0004167183188762027,0.00041671831887620263
cliente_5855903563,cliente,,,0,18,18,0.0,18.0,18.0,0.0004167183188762027,0.00041671831887620263
cliente_5972358342,cliente,,,0,24,24,0.0,25.0,25.0,0.0004167183188762027,0.00041671831887620263
cliente_7371071916,cliente,,,0,14,14,0.0,14.0,14.0,0.0004167183188762027,0.00041671831887620263
cliente_8451653033,cliente,,,0,35,35,0.0,35.0,35.0,0.0004167183188762027,0.00041671831887620263
cliente_2634615860,cliente,,,0,25,25,0.0,26.0,26.0,0.0004167183188762027,0.00041671831887620263
cliente_0133403316,cliente,,,0,21,21,0.0,21.0,21.0,0.0004167183188762027,0.00041671831887620263
cliente_6583592466,cliente,,,0,25,25,0.0,26.0,26.0,0.0004167183188762027,0.00041671831887620263
cliente_7608790298,cliente,,,0,19,19,0.0,20.0,20.0,0.0004167183188762027,0.00041671831887620263
cliente_6275245738,cliente,,,0,12,12,0.0,12.0,12.0,0.0004167183188762027,0.00041671831887620263
cliente_8046627916,cliente,,,0,20,20,0.0,20.0,20.0,0.0004167183188762027,0.00041671831887620263
cliente_0492342965,cliente,,,0,10,10,0.0,10.0,10.0,0.0004167183188762027,0.00041671831887620263
cliente_2533951231,cliente,,,0,29,29,0.0,30.0,30.0,0.0004167183188762027,0.00041671831887620263
cliente_1446521538,cliente,,,0,12,12,0.0,12.0,12.0,0.0004167183188762027,0.00041671831887620263
cliente_8785357250,cliente,,,0,16,16,0.0,16.0,16.0,0.0004167183188762027,0.00041671831887620263
cliente_6988345572,cliente,,,0,24,24,0.0,24.0,24.0,0.0004167183188762027,0.00041671831887620263
cliente_6871355981,cliente,,,0,20,20,0.0,22.0,22.0,0.0004167183188762027,0.00041671831887620263
cliente_6122237788,cliente,,,0,11,11,0.0,11.0,11.0,0.0004167183188762027,0.00041671831887620263
cliente_3468963238,cliente,,,0,20,20,0.0,20.0,20.0,0.0004167183188762027,0.00041671831887620263
cliente_1649022841,cliente,,,0,12,12,0.0,12.0,12.0,0.0004167183188762027,0.00041671831887620263
cliente_2337226982,cliente,,,0,26,26,0.0,27.0,27.0,0.0004167183188762027,0.00041671831887620263
cliente_1186734094,cliente,,,0,24,24,0.0,24.0,24.0,0.0004167183188762027,0.00041671831887620263
cliente_0371179683,cliente,,,0,7,7,0.0,7.0,7.0,0.0004167183188762027,0.00041671831887620263
cliente_3703731076,cliente,,,0,34,34,0.0,34.0,34.0,0.0004167183188762027,0.00041671831887620263
cliente_6563478740,cliente,,,0,8,8,0.0,8.0,8.0,0.0004167183188762027,0.00041671831887620263
cliente_9161465895,cliente,,,0,28,28,0.0,28.0,28.0,0.0004167183188762027,0.00041671831887620263
cliente_0719257990,cliente,,,0,18,18,0.0,18.0,18.0,0.0004167183188762027,0.00041671831887620263
cliente_9521657368,cliente,,,0,14,14,0.0,14.0,14.0,0.0004167183188762027,0.00041671831887620263
cliente_7538976801,cliente,,,0,16,16,0.0,16.0,16.0,0.0004167183188762027,0.00041671831887620263
cliente_7835908693,cliente,,,0,16,16,0.0,16.0,16.0,0.0004167183188762027,0.00041671831887620263
cliente_6647309065,cliente,,,0,21,21,0.0,21.0,21.0,0.0004167183188762027,0.00041671831887620263
cliente_8134373961,cliente,,,0,27,27,0.0,28.0,28.0,0.0004167183188762027,0.00041671831887620263
cliente_2958815972,cliente,,,0,5,5,0.0,5.0,5.0,0.0004167183188762027,0.00041671831887620263
cliente_1630005960,cliente,,,0,35,35,0.0,35.0,35.0,0.0004167183188762027,0.00041671831887620263
cliente_4337592050,cliente,,,0,17,17,0.0,17.0,17.0,0.0004167183188762027,0.00041671831887620263
cliente_6490172420,cliente,,,0,8,8,0.0,8.0,8.0,0.0004167183188762027,0.00041671831887620263
cliente_0704102429,cliente,,,0,27,27,0.0,27.0,27.0,0.0004167183188762027,0.00041671831887620263
cliente_4659702477,cliente,,,0,8,8,0.0,8.0,8.0,0.0004167183188762027,0.00041671831887620263
cliente_7200889703,cliente,,,0,33,33,0.0,33.0,33.0,0.0004167183188762027,0.00041671831887620263
cliente_4957098809,cliente,,,0,7,7,0.0,7.0,7.0,0.0004167183188762027,0.00041671831887620263
cliente_4041502018,cliente,,,0,22,22,0.0,22.0,22.0,0.0004167183188762027,0.00041671831887620263
cliente_7742164665,cliente,,,0,31,31,0.0,32.0,32.0,0.0004167183188762027,0.00041671831887620263
cliente_0666486957,cliente,,,0,21,21,0.0,23.0,23.0,0.0004167183188762027,0.00041671831887620263
cliente_1342035111,cliente,,,0,32,32,0.0,34.0,34.0,0.0004167183188762027,0.00041671831887620263
cliente_8496448431,cliente,,,0,7,7,0.0,7.0,7.0,0.0004167183188762027,0.00041671831887620263
cliente_2695476834,cliente,,,0,45,45,0.0,46.0,46.0,0.0004167183188762027,0.00041671831887620263
cliente_8039412531,cliente,,,0,9,9,0.0,9.0,9.0,0.0004167183188762027,0.00041671831887620263
cliente_3826166966,cliente,,,0,9,9,0.0,9.0,9.0,0.0004167183188762027,0.00041671831887620263
cliente_1048814179,cliente,,,0,20,20,0.0,21.0,21.0,0.0004167183188762027,0.00041671831887620263
cliente_0230988476,cliente,,,0,27,27,0.0,29.0,29.0,0.0004167183188762027,0.00041671831887620263
cliente_0841631724,cliente,,,0,16,16,0.0,18.0,18.0,0.0004167183188762027,0.00041671831887620263
cliente_1536132365,cliente,,,0,18,18,0.0,18.0,18.0,0.0004167183188762027,0.00041671831887620263
cliente_1674849034,cliente,,,0,32,32,0.0,32.0,32.0,0.0004167183188762027,0.00041671831887620263
cliente_9379686067,cliente,,,0,15,15,0.0,16.0,16.0,0.0004167183188762027,0.00041671831887620263
cliente_4484093439,cliente,,,0,18,18,0.0,18.0,18.0,0.0004167183188762027,0.00041671831887620263
cliente_1297104984,cliente,,,0,26,26,0.0,26.0,26.0,0.0004167183188762027,0.00041671831887620263
cliente_7929768872,cliente,,,0,26,26,0.0,27.0,27.0,0.0004167183188762027,0.00041671831887620263
cliente_8201940867,cliente,,,0,12,12,0.0,12.0,12.0,0.0004167183188762027,0.00041671831887620263
cliente_6641819172,cliente,,,0,34,34,0.0,35.0,35.0,0.0004167183188762027,0.00041671831887620263
cliente_2414393839,cliente,,,0,18,18,0.0,19.0,19.0,0.0004167183188762027,0.00041671831887620263
cliente_3482702239,cliente,,,0,7,7,0.0,7.0,7.0,0.0004167183188762027,0.00041671831887620263
cliente_0487929328,cliente,,,0,40,40,0.0,44.0,44.0,0.0004167183188762027,0.00041671831887620263
cliente_2365440457,cliente,,,0,15,15,0.0,15.0,15.0,0.0004167183188762027,0.00041671831887620263
cliente_4843526794,cliente,,,0,3,3,0.0,3.0,3.0,0.0004167183188762027,0.00041671831887620263
cliente_2982368750,cliente,,,0,27,27,0.0,27.0,27.0,0.0004167183188762027,0.00041671831887620263
cliente_5265933405,cliente,,,0,15,15,0.0,15.0,15.0,0.0004167183188762027,0.00041671831887620263
cliente_2929319806,cliente,,,0,16,16,0.0,16.0,16.0,0.0004167183188762027,0.00041671831887620263
cliente_3801168025,cliente,,,0,22,22,0.0,23.0,23.0,0.0004167183188762027,0.00041671831887620263
cliente_9876618797,cliente,,,0,20,20,0.0,20.0,20.0,0.0004167183188762027,0.00041671831887620263
cliente_0871065893,cliente,,,0,8,8,0.0,8.0,8.0,0.0004167183188762027,0.00041671831887620263
cliente_7729000995,cliente,,,0,23,23,0.0,25.0,25.0,0.0004167183188762027,0.00041671831887620263
cliente_7671469875,cliente,,,0,17,17,0.0,17.0,17.0,0.0004167183188762027,0.00041671831887620263
cliente_4001539342,cliente,,,0,9,9,0.0,9.0,9.0,0.0004167183188762027,0.00041671831887620263
cliente_6246988978,cliente,,,0,22,22,0.0,22.0,22.0,0.0004167183188762027,0.00041671831887620263
cliente_0288293986,cliente,,,0,16,16,0.0,16.0,16.0,0.0004167183188762027,0.00041671831887620263
cliente_5547579173,cliente,,,0,34,34,0.0,35.0,35.0,0.0004167183188762027,0.00041671831887620263
cliente_4534383539,cliente,,,0,31,31,0.0,31.0,31.0,0.0004167183188762027,0.00041671831887620263
cliente_1329722384,cliente,,,0,15,15,0.0,15.0,15.0,0.0004167183188762027,0.00041671831887620263
cliente_6347761393,cliente,,,0,7,7,0.0,7.0,7.0,0.0004167183188762027,0.00041671831887620263
cliente_4375792542,cliente,,,0,3,3,0.0,3.0,3.0,0.0004167183188762027,0.00041671831887620263
cliente_5858793634,cliente,,,0,20,20,0.0,21.0,21.0,0.0004167183188762027,0.00041671831887620263
cliente_6454476586,cliente,,,0,22,22,0.0,22.0,22.0,0.0004167183188762027,0.00041671831887620263
cliente_7806732171,cliente,,,0,14,14,0.0,15.0,15.0,0.0004167183188762027,0.00041671831887620263
cliente_9967627488,cliente,,,0,31,31,0.0,32.0,32.0,0.0004167183188762027,0.00041671831887620263
cliente_6300167865,cliente,,,0,11,11,0.0,11.0,11.0,0.0004167183188762027,0.00041671831887620263
cliente_2959474350,cliente,,,0,24,24,0.0,24.0,24.0,0.0004167183188762027,0.00041671831887620263
cliente_0569728241,cliente,,,0,32,32,0.0,32.0,32.0,0.0004167183188762027,0.00041671831887620263
cliente_6902847764,cliente,,,0,14,14,0.0,14.0,14.0,0.0004167183188762027,0.00041671831887620263
cliente_9699932189,cliente,,,0,30,30,0.0,30.0,30.0,0.0004167183188762027,0.00041671831887620263
cliente_5180986054,cliente,,,0,13,13,0.0,14.0,14.0,0.0004167183188762027,0.00041671831887620263
cliente_2786582230,cliente,,,0,42,42,0.0,43.0,43.0,0.0004167183188762027,0.00041671831887620263
cliente_6708541254,cliente,,,0,16,16,0.0,16.0,16.0,0.0004167183188762027,0.00041671831887620263
cliente_5181740801,cliente,,,0,25,25,0.0,26.0,26.0,0.0004167183188762027,0.00041671831887620263
cliente_0434647346,cliente,,,0,26,26,0.0,28.0,28.0,0.0004167183188762027,0.00041671831887620263
cliente_7854461824,cliente,,,0,5,5,0.0,5.0,5.0,0.0004167183188762027,0.00041671831887620263
cliente_3388282875,cliente,,,0,14,14,0.0,15.0,15.0,0.0004167183188762027,0.00041671831887620263
cliente_7467939857,cliente,,,0,19,19,0.0,19.0,19.0,0.0004167183188762027,0.00041671831887620263
cliente_8009976254,cliente,,,0,9,9,0.0,9.0,9.0,0.0004167183188762027,0.00041671831887620263
cliente_6994008787,cliente,,,0,14,14,0.0,14.0,14.0,0.0004167183188762027,0.00041671831887620263
cliente_4426645683,cliente,,,0,22,22,0.0,23.0,23.0,0.0004167183188762027,0.00041671831887620263
cliente_0591004174,cliente,,,0,10,10,0.0,10.0,10.0,0.0004167183188762027,0.00041671831887620263
cliente_6001484793,cliente,,,0,13,13,0.0,13.0,13.0,0.0004167183188762027,0.00041671831887620263
cliente_4054822041,cliente,,,0,11,11,0.0,11.0,11.0,0.0004167183188762027,0.00041671831887620263
cliente_4265997667,cliente,,,0,36,36,0.0,36.0,36.0,0.0004167183188762027,0.00041671831887620263
cliente_8547415742,cliente,,,0,20,20,0.0,20.0,20.0,0.0004167183188762027,0.00041671831887620263
cliente_1097632319,cliente,,,0,27,27,0.0,27.0,27.0,0.0004167183188762027,0.00041671831887620263
cliente_5737585458,cliente,,,0,5,5,0.0,5.0,5.0,0.0004167183188762027,0.00041671831887620263
cliente_7796539492,cliente,,,0,17,17,0.0,17.0,17.0,0.0004167183188762027,0.00041671831887620263
cliente_9821304825,cliente,,,0,12,12,0.0,12.0,12.0,0.0004167183188762027,0.00041671831887620263
cliente_1951582674,cliente,,,0,32,32,0.0,33.0,33.0,0.0004167183188762027,0.00041671831887620263
cliente_0103731764,cliente,,,0,22,22,0.0,22.0,22.0,0.0004167183188762027,0.00041671831887620263
cliente_4304601680,cliente,,,0,9,9,0.0,9.0,9.0,0.0004167183188762027,0.00041671831887620263
cliente_3463845999,cliente,,,0,18,18,0.0,18.0,18.0,0.0004167183188762027,0.00041671831887620263
cliente_3739853077,cliente,,,0,8,8,0.0,8.0,8.0,0.0004167183188762027,0.00041671831887620263
cliente_1029806121,cliente,,,0,10,10,0.0,10.0,10.0,0.0004167183188762027,0.00041671831887620263
cliente_9550999170,cliente,,,0,16,16,0.0,16.0,16.0,0.0004167183188762027,0.00041671831887620263
cliente_8313574639,cliente,,,0,23,23,0.0,23.0,23.0,0.0004167183188762027,0.00041671831887620263
cliente_0893148373,cliente,,,0,22,22,0.0,24.0,24.0,0.0004167183188762027,0.00041671831887620263
cliente_6618090344,cliente,,,0,11,11,0.0,11.0,11.0,0.0004167183188762027,0.00041671831887620263
cliente_2668868544,cliente,,,0,4,4,0.0,4.0,4.0,0.0004167183188762027,0.00041671831887620263
cliente_6194222055,cliente,,,0,22,22,0.0,22.0,22.0,0.0004167183188762027,0.00041671831887620263
cliente_4353792601,cliente,,,0,25,25,0.0,25.0,25.0,0.0004167183188762027,0.00041671831887620263
cliente_4224982623,cliente,,,0,17,17,0.0,17.0,17.0,0.0004167183188762027,0.00041671831887620263
cliente_2873861009,cliente,,,0,21,21,0.0,22.0,22.0,0.0004167183188762027,0.00041671831887620263
cliente_7803039659,cliente,,,0,22,22,0.0,23.0,23.0,0.0004167183188762027,0.00041671831887620263
cliente_5955703701,cliente,,,0,8,8,0.0,8.0,8.0,0.0004167183188762027,0.00041671831887620263
cliente_4440208505,cliente,,,0,14,14,0.0,15.0,15.0,0.0004167183188762027,0.00041671831887620263
cliente_0990012861,cliente,,,0,15,15,0.0,15.0,15.0,0.0004167183188762027,0.00041671831887620263
cliente_6023855037,cliente,,,0,5,5,0.0,5.0,5.0,0.0004167183188762027,0.00041671831887620263
cliente_0658241469,cliente,,,0,18,18,0.0,18.0,18.0,0.0004167183188762027,0.00041671831887620263
cliente_9532729410,cliente,,,0,8,8,0.0,8.0,8.0,0.0004167183188762027,0.00041671831887620263
cliente_4869453844,cliente,,,0,15,15,0.0,15.0,15.0,0.0004167183188762027,0.00041671831887620263
cliente_2803123705,cliente,,,0,25,25,0.0,25.0,25.0,0.0004167183188762027,0.00041671831887620263
cliente_2991886445,cliente,,,0,37,37,0.0,39.0,39.0,0.0004167183188762027,0.00041671831887620263
cliente_6386283936,cliente,,,0,12,12,0.0,13.0,13.0,0.0004167183188762027,0.00041671831887620263
cliente_6592123252,cliente,,,0,14,14,0.0,14.0,14.0,0.0004167183188762027,0.00041671831887620263
cliente_4461747265,cliente,,,0,4,4,0.0,4.0,4.0,0.0004167183188762027,0.00041671831887620263
cliente_9892868448,cliente,,,0,11,11,0.0,11.0,11.0,0.0004167183188762027,0.00041671831887620263
cliente_2459791975,cliente,,,0,7,7,0.0,7.0,7.0,0.0004167183188762027,0.00041671831887620263
cliente_7545103192,cliente,,,0,27,27,0.0,27.0,27.0,0.0004167183188762027,0.00041671831887620263
cliente_6734977109,cliente,,,0,8,8,0.0,8.0,8.0,0.0004167183188762027,0.00041671831887620263
cliente_9915109531,cliente,,,0,16,16,0.0,16.0,16.0,0.0004167183188762027,0.00041671831887620263
cliente_5943455454,cliente,,,0,6,6,0.0,6.0,6.0,0.0004167183188762027,0.00041671831887620263
cliente_1555812461,cliente,,,0,10,10,0.0,10.0,10.0,0.0004167183188762027,0.00041671831887620263
cliente_7413918825,cliente,,,0,10,10,0.0,10.0,10.0,0.0004167183188762027,0.00041671831887620263
cliente_1674955501,cliente,,,0,10,10,0.0,10.0,10.0,0.0004167183188762027,0.00041671831887620263
cliente_1076737665,cliente,,,0,5,5,0.0,5.0,5.0,0.0004167183188762027,0.00041671831887620263
cliente_6351357286,cliente,,,0,28,28,0.0,30.0,30.0,0.0004167183188762027,0.00041671831887620263
cliente_2078330029,cliente,,,0,4,4,0.0,4.0,4.0,0.0004167183188762027,0.00041671831887620263
cliente_5260438692,cliente,,,0,6,6,0.0,6.0,6.0,0.0004167183188762027,0.00041671831887620263
cliente_6326877753,cliente,,,0,15,15,0.0,15.0,15.0,0.0004167183188762027,0.00041671831887620263
cliente_3029018574,cliente,,,0,7,7,0.0,7.0,7.0,0.0004167183188762027,0.00041671831887620263
cliente_8623325537,cliente,,,0,13,13,0.0,13.0,13.0,0.0004167183188762027,0.00041671831887620263
cliente_2140010479,cliente,,,0,10,10,0.0,10.0,10.0,0.0004167183188762027,0.00041671831887620263
cliente_2263664394,cliente,,,0,10,10,0.0,10.0,10.0,0.0004167183188762027,0.00041671831887620263
cliente_6523293746,cliente,,,0,18,18,0.0,18.0,18.0,0.0004167183188762027,0.00041671831887620263
cliente_6834193063,cliente,,,0,12,12,0.0,12.0,12.0,0.0004167183188762027,0.00041671831887620263
cliente_3358176312,cliente,,,0,29,29,0.0,30.0,30.0,0.0004167183188762027,0.00041671831887620263
cliente_0255704314,cliente,,,0,16,16,0.0,16.0,16.0,0.0004167183188762027,0.00041671831887620263
cliente_4290784892,cliente,,,0,7,7,0.0,7.0,7.0,0.0004167183188762027,0.00041671831887620263
cliente_8254337477,cliente,,,0,12,12,0.0,12.0,12.0,0.0004167183188762027,0.00041671831887620263
cliente_3840881983,cliente,,,0,14,14,0.0,14.0,14.0,0.0004167183188762027,0.00041671831887620263
cliente_1138354036,cliente,,,0,26,26,0.0,26.0,26.0,0.0004167183188762027,0.00041671831887620263
cliente_2296676485,cliente,,,0,46,46,0.0,47.0,47.0,0.0004167183188762027,0.00041671831887620263
cliente_3681566476,cliente,,,0,11,11,0.0,11.0,11.0,0.0004167183188762027,0.00041671831887620263
cliente_3256675162,cliente,,,0,9,9,0.0,9.0,9.0,0.0004167183188762027,0.00041671831887620263
cliente_2003430797,cliente,,,0,11,11,0.0,11.0,11.0,0.0004167183188762027,0.00041671831887620263
cliente_7336008017,cliente,,,0,3,3,0.0,3.0,3.0,0.0004167183188762027,0.00041671831887620263
cliente_3531130269,cliente,,,0,13,13,0.0,13.0,13.0,0.0004167183188762027,0.00041671831887620263
cliente_1426773083,cliente,,,0,5,5,0.0,5.0,5.0,0.0004167183188762027,0.00041671831887620263
cliente_2240267337,cliente,,,0,22,22,0.0,24.0,24.0,0.0004167183188762027,0.00041671831887620263
cliente_2469361210,cliente,,,0,5,5,0.0,5.0,5.0,0.0004167183188762027,0.00041671831887620263
cliente_1004460821,cliente,,,0,16,16,0.0,16.0,16.0,0.0004167183188762027,0.00041671831887620263
cliente_3694259257,cliente,,,0,10,10,0.0,10.0,10.0,0.0004167183188762027,0.00041671831887620263
cliente_8084459513,cliente,,,0,6,6,0.0,6.0,6.0,0.0004167183188762027,0.00041671831887620263
cliente_9222924582,cliente,,,0,26,26,0.0,27.0,27.0,0.0004167183188762027,0.00041671831887620263
cliente_3831688933,cliente,,,0,7,7,0.0,7.0,7.0,0.0004167183188762027,0.00041671831887620263
cliente_3743963952,cliente,,,0,8,8,0.0,8.0,8.0,0.0004167183188762027,0.00041671831887620263
cliente_2396163011,cliente,,,0,18,18,0.0,18.0,18.0,0.0004167183188762027,0.00041671831887620263
cliente_4284238970,cliente,,,0,12,12,0.0,12.0,12.0,0.0004167183188762027,0.00041671831887620263
cliente_9978505535,cliente,,,0,15,15,0.0,15.0,15.0,0.0004167183188762027,0.00041671831887620263
cliente_3673017035,cliente,,,0,11,11,0.0,11.0,11.0,0.0004167183188762027,0.00041671831887620263
cliente_0942319481,cliente,,,0,7,7,0.0,7.0,7.0,0.0004167183188762027,0.00041671831887620263
cliente_8623967260,cliente,,,0,32,32,0.0,34.0,34.0,0.0004167183188762027,0.00041671831887620263
cliente_2001004719,cliente,,,0,7,7,0.0,7.0,7.0,0.0004167183188762027,0.00041671831887620263
cliente_5544208438,cliente,,,0,20,20,0.0,20.0,20.0,0.0004167183188762027,0.00041671831887620263
cliente_6307719087,cliente,,,0,10,10,0.0,10.0,10.0,0.0004167183188762027,0.00041671831887620263
cliente_1463442796,cliente,,,0,11,11,0.0,11.0,11.0,0.0004167183188762027,0.00041671831887620263
cliente_9487261230,cliente,,,0,25,25,0.0,26.0,26.0,0.0004167183188762027,0.00041671831887620263
cliente_3493412150,cliente,,,0,7,7,0.0,7.0,7.0,0.0004167183188762027,0.00041671831887620263
cliente_0884614640,cliente,,,0,9,9,0.0,9.0,9.0,0.0004167183188762027,0.00041671831887620263
cliente_5809862226,cliente,,,0,5,5,0.0,5.0,5.0,0.0004167183188762027,0.00041671831887620263
cliente_2529201364,cliente,,,0,13,13,0.0,13.0,13.0,0.0004167183188762027,0.00041671831887620263
cliente_7489772112,cliente,,,0,11,11,0.0,11.0,11.0,0.0004167183188762027,0.00041671831887620263
cliente_6612378735,cliente,,,0,13,13,0.0,13.0,13.0,0.0004167183188762027,0.00041671831887620263
cliente_9209800856,cliente,,,0,4,4,0.0,4.0,4.0,0.0004167183188762027,0.00041671831887620263
cliente_9529260696,cliente,,,0,12,12,0.0,12.0,12.0,0.0004167183188762027,0.00041671831887620263
cliente_1738405253,cliente,,,0,9,9,0.0,9.0,9.0,0.0004167183188762027,0.00041671831887620263
cliente_6959248133,cliente,,,0,13,13,0.0,15.0,15.0,0.0004167183188762027,0.00041671831887620263
cliente_9276685277,cliente,,,0,20,20,0.0,20.0,20.0,0.0004167183188762027,0.00041671831887620263
cliente_4144517547,cliente,,,0,14,14,0.0,14.0,14.0,0.0004167183188762027,0.00041671831887620263
cliente_9269291881,cliente,,,0,27,27,0.0,28.0,28.0,0.0004167183188762027,0.00041671831887620263
cliente_2689272562,cliente,,,0,16,16,0.0,16.0,16.0,0.0004167183188762027,0.00041671831887620263
cliente_9098739186,cliente,,,0,3,3,0.0,3.0,3.0,0.0004167183188762027,0.00041671831887620263
cliente_4759945253,cliente,,,0,6,6,0.0,6.0,6.0,0.0004167183188762027,0.00041671831887620263
cliente_5462781947,cliente,,,0,8,8,0.0,8.0,8.0,0.0004167183188762027,0.00041671831887620263
cliente_8627167339,cliente,,,0,12,12,0.0,12.0,12.0,0.0004167183188762027,0.00041671831887620263
cliente_9074357100,cliente,,,0,3,3,0.0,3.0,3.0,0.0004167183188762027,0.00041671831887620263
cliente_3407002869,cliente,,,0,6,6,0.0,6.0,6.0,0.0004167183188762027,0.00041671831887620263
cliente_0917580328,cliente,,,0,11,11,0.0,11.0,11.0,0.0004167183188762027,0.00041671831887620263
cliente_1566058458,cliente,,,0,4,4,0.0,4.0,4.0,0.0004167183188762027,0.00041671831887620263
cliente_4924392563,cliente,,,0,21,21,0.0,21.0,21.0,0.0004167183188762027,0.00041671831887620263
cliente_9060047222,cliente,,,0,17,17,0.0,17.0,17.0,0.0004167183188762027,0.00041671831887620263
cliente_3782921387,cliente,,,0,6,6,0.0,6.0,6.0,0.0004167183188762027,0.00041671831887620263
cliente_6632902837,cliente,,,0,10,10,0.0,10.0,10.0,0.0004167183188762027,0.00041671831887620263
cliente_1875793490,cliente,,,0,11,11,0.0,11.0,11.0,0.0004167183188762027,0.00041671831887620263
cliente_1676375867,cliente,,,0,8,8,0.0,8.0,8.0,0.0004167183188762027,0.00041671831887620263
cliente_6401388108,cliente,,,0,19,19,0.0,19.0,19.0,0.0004167183188762027,0.00041671831887620263
cliente_5263524632,cliente,,,0,8,8,0.0,8.0,8.0,0.0004167183188762027,0.00041671831887620263
cliente_4581438253,cliente,,,0,2,2,0.0,2.0,2.0,0.0004167183188762027,0.00041671831887620263
cliente_7331145737,cliente,,,0,9,9,0.0,9.0,9.0,0.0004167183188762027,0.00041671831887620263
cliente_2633966495,cliente,,,0,20,20,0.0,20.0,20.0,0.0004167183188762027,0.00041671831887620263
cliente_3339769130,cliente,,,0,6,6,0.0,6.0,6.0,0.0004167183188762027,0.00041671831887620263
cliente_1678282408,cliente,,,0,6,6,0.0,7.0,7.0,0.0004167183188762027,0.00041671831887620263
cliente_7815117593,cliente,,,0,18,18,0.0,18.0,18.0,0.0004167183188762027,0.00041671831887620263
cliente_3647351715,cliente,,,0,10,10,0.0,10.0,10.0,0.0004167183188762027,0.00041671831887620263
cliente_3714864212,cliente,,,0,13,13,0.0,13.0,13.0,0.0004167183188762027,0.00041671831887620263
cliente_4914541567,cliente,,,0,6,6,0.0,6.0,6.0,0.0004167183188762027,0.00041671831887620263
cliente_9924469853,cliente,,,0,25,25,0.0,25.0,25.0,0.0004167183188762027,0.00041671831887620263
cliente_3287826568,cliente,,,0,13,13,0.0,13.0,13.0,0.0004167183188762027,0.00041671831887620263
cliente_5760848169,cliente,,,0,23,23,0.0,23.0,23.0,0.0004167183188762027,0.00041671831887620263
cliente_6601548396,cliente,,,0,17,17,0.0,17.0,17.0,0.0004167183188762027,0.00041671831887620263
cliente_5993907688,cliente,,,0,8,8,0.0,8.0,8.0,0.0004167183188762027,0.00041671831887620263
cliente_9411713013,cliente,,,0,6,6,0.0,6.0,6.0,0.0004167183188762027,0.00041671831887620263
cliente_0757793180,cliente,,,0,9,9,0.0,9.0,9.0,0.0004167183188762027,0.00041671831887620263
cliente_9595916205,cliente,,,0,11,11,0.0,11.0,11.0,0.0004167183188762027,0.00041671831887620263
cliente_8860969594,cliente,,,0,3,3,0.0,3.0,3.0,0.0004167183188762027,0.00041671831887620263
cliente_8061136910,cliente,,,0,4,4,0.0,4.0,4.0,0.0004167183188762027,0.00041671831887620263
cliente_9504121705,cliente,,,0,16,16,0.0,16.0,16.0,0.0004167183188762027,0.00041671831887620263
cliente_1696509488,cliente,,,0,6,6,0.0,6.0,6.0,0.0004167183188762027,0.00041671831887620263
cliente_8288720511,cliente,,,0,8,8,0.0,8.0,8.0,0.0004167183188762027,0.00041671831887620263
cliente_5869681242,cliente,,,0,7,7,0.0,7.0,7.0,0.0004167183188762027,0.00041671831887620263
cliente_4669856716,cliente,,,0,6,6,0.0,6.0,6.0,0.0004167183188762027,0.00041671831887620263
cliente_0249734286,cliente,,,0,11,11,0.0,11.0,11.0,0.0004167183188762027,0.00041671831887620263
cliente_2459470579,cliente,,,0,5,5,0.0,5.0,5.0,0.0004167183188762027,0.00041671831887620263
cliente_0595942934,cliente,,,0,7,7,0.0,7.0,7.0,0.0004167183188762027,0.00041671831887620263
cliente_5174242120,cliente,,,0,5,5,0.0,6.0,6.0,0.0004167183188762027,0.00041671831887620263
cliente_8099334598,cliente,,,0,6,6,0.0,6.0,6.0,0.0004167183188762027,0.00041671831887620263
cliente_9775759048,cliente,,,0,18,18,0.0,18.0,18.0,0.0004167183188762027,0.00041671831887620263
cliente_5204842992,cliente,,,0,14,14,0.0,14.0,14.0,0.0004167183188762027,0.00041671831887620263
cliente_3841355621,cliente,,,0,16,16,0.0,16.0,16.0,0.0004167183188762027,0.00041671831887620263
cliente_6752092110,cliente,,,0,8,8,0.0,8.0,8.0,0.0004167183188762027,0.00041671831887620263
cliente_2140871505,cliente,,,0,6,6,0.0,6.0,6.0,0.0004167183188762027,0.00041671831887620263
cliente_0257534820,cliente,,,0,14,14,0.0,14.0,14.0,0.0004167183188762027,0.00041671831887620263
cliente_1716306863,cliente,,,0,7,7,0.0,7.0,7.0,0.0004167183188762027,0.00041671831887620263
cliente_0460939750,cliente,,,0,5,5,0.0,5.0,5.0,0.0004167183188762027,0.00041671831887620263
cliente_4978534570,cliente,,,0,3,3,0.0,3.0,3.0,0.0004167183188762027,0.00041671831887620263
cliente_1832998732,cliente,,,0,5,5,0.0,5.0,5.0,0.0004167183188762027,0.00041671831887620263
cliente_2211388485,cliente,,,0,3,3,0.0,3.0,3.0,0.0004167183188762027,0.00041671831887620263
cliente_4238672868,cliente,,,0,13,13,0.0,14.0,14.0,0.0004167183188762027,0.00041671831887620263
cliente_4630809082,cliente,,,0,10,10,0.0,10.0,10.0,0.0004167183188762027,0.00041671831887620263
cliente_3421828350,cliente,,,0,7,7,0.0,7.0,7.0,0.0004167183188762027,0.00041671831887620263
cliente_8941531422,cliente,,,0,3,3,0.0,3.0,3.0,0.0004167183188762027,0.00041671831887620263
cliente_2437672335,cliente,,,0,7,7,0.0,7.0,7.0,0.0004167183188762027,0.00041671831887620263
cliente_1835032911,cliente,,,0,6,6,0.0,6.0,6.0,0.0004167183188762027,0.00041671831887620263
cliente_2070247957,cliente,,,0,4,4,0.0,4.0,4.0,0.0004167183188762027,0.00041671831887620263
cliente_5295568060,cliente,,,0,3,3,0.0,3.0,3.0,0.0004167183188762027,0.00041671831887620263
cliente_8890565632,cliente,,,0,6,6,0.0,6.0,6.0,0.0004167183188762027,0.00041671831887620263
cliente_6266846228,cliente,,,0,2,2,0.0,2.0,2.0,0.0004167183188762027,0.00041671831887620263
cliente_2019049783,cliente,,,0,5,5,0.0,5.0,5.0,0.0004167183188762027,0.00041671831887620263
comercio_1487094244,comercio,fraud_Crooks and Sons,personal_care,36,0,36,36.0,0.0,36.0,0.0010884245622558803,0.0010837842850812249
comercio_9521770393,comercio,fraud_Huels-Nolan,gas_transport,38,0,38,38.0,0.0,38.0,0.0009667122914946351,0.0009794589385036848
comercio_5645209245,comercio,fraud_Breitenberg-Hermiston,kids_pets,26,0,26,26.0,0.0,26.0,0.0008667860640471331,0.0008505385720484708
comercio_0444705653,comercio,fraud_Padberg-Sauer,home,30,0,30,30.0,0.0,30.0,0.0008409979689073435,0.0008230557382893876
comercio_4535801324,comercio,fraud_McCullough LLC,misc_pos,17,0,17,18.0,0.0,18.0,0.0006631364983014015,0.0006618201959033675
comercio_7813311696,comercio,fraud_Haag-Blanda,food_dining,39,0,39,39.0,0.0,39.0,0.0009860773464543764,0.0009708404454700675
comercio_8233028834,comercio,fraud_Hills-Witting,shopping_net,33,0,33,33.0,0.0,33.0,0.0009278151149186533,0.0009749093755450595
comercio_4001694395,comercio,fraud_Ankunding-Carroll,travel,11,0,11,11.0,0.0,11.0,0.0005605591580528035,0.0005732735117304253
comercio_6187078679,comercio,"fraud_Towne, Greenholt and Koepp",shopping_net,38,0,38,39.0,0.0,39.0,0.0010090032097468992,0.001045973853012788
comercio_3665873972,comercio,"fraud_Goyette, Howell and Collier",shopping_pos,32,0,32,33.0,0.0,33.0,0.0009167306056871587,0.0009168452506129242
comercio_5677787883,comercio,"fraud_Romaguera, Cruickshank and Greenholt",shopping_net,48,0,48,51.0,0.0,51.0,0.0012898439789179646,0.0013387866862116056
comercio_7881222894,comercio,fraud_Hermann and Sons,shopping_pos,29,0,29,29.0,0.0,29.0,0.0009793219222947484,0.0009812328784369496
comercio_5043882604,comercio,"fraud_Lehner, Mosciski and King",misc_net,20,0,20,20.0,0.0,20.0,0.0007235849281528262,0.0007422591449276511
comercio_0943955176,comercio,fraud_Ernser-Lynch,food_dining,35,0,35,37.0,0.0,37.0,0.0009475584897707005,0.0009278521626490453
comercio_7011349918,comercio,fraud_Wisozk and Sons,misc_pos,24,0,24,24.0,0.0,24.0,0.0007599953406620957,0.0007475471382376018
comercio_9243187479,comercio,fraud_McCullough Group,grocery_net,14,0,14,14.0,0.0,14.0,0.0005812079379764235,0.0005752466900614794
comercio_1764266149,comercio,"fraud_Haley, Jewess and Bechtelar",shopping_pos,36,0,36,37.0,0.0,37.0,0.0009449698339226991,0.0009450504169649093
comercio_8352557137,comercio,fraud_Morissette PLC,shopping_pos,37,0,37,40.0,0.0,40.0,0.0009771910223084323,0.0009683021729988762
comercio_5871633033,comercio,fraud_Beier and Sons,home,42,0,42,44.0,0.0,44.0,0.0011883251361051491,0.0011775658763113173
comercio_7964645330,comercio,fraud_Kozey-McDermott,travel,16,0,16,17.0,0.0,17.0,0.0007048438135043038,0.0006817907040660401
comercio_1535308988,comercio,fraud_Eichmann-Kilback,home,37,0,37,37.0,0.0,37.0,0.0011222344082353242,0.00109612047139234
comercio_7341007147,comercio,fraud_Koepp-Parker,grocery_pos,44,0,44,47.0,0.0,47.0,0.0011978253991072171,0.0012057150725346265
comercio_1648444838,comercio,fraud_Wolf Inc,grocery_pos,56,0,56,58.0,0.0,58.0,0.0012829275767893948,0.0013213816055632148
comercio_5207219562,comercio,fraud_Kuhic LLC,shopping_net,42,0,42,44.0,0.0,44.0,0.0011186545489242498,0.001179227827231062
comercio_1888818288,comercio,fraud_Lemke-Gutmann,shopping_net,52,0,52,55.0,0.0,55.0,0.0012671361571003797,0.001375531461781355
comercio_2251420413,comercio,fraud_Lebsack and Sons,misc_net,17,0,17,17.0,0.0,17.0,0.0006564227414900474,0.0006719089721856339
comercio_4571917091,comercio,fraud_Bednar PLC,kids_pets,30,0,30,31.0,0.0,31.0,0.0009620004373070222,0.0009493774904519736
comercio_2385901717,comercio,fraud_Johns-Hoeger,entertainment,24,0,24,24.0,0.0,24.0,0.000692972334547171,0.0006899343439895943
comercio_1534017203,comercio,"fraud_Schuppe, Nolan and Hoeger",shopping_pos,40,0,40,41.0,0.0,41.0,0.0009956182776793949,0.001008154081275804
comercio_3897381724,comercio,"fraud_Roberts, Ryan and Smith",personal_care,29,0,29,29.0,0.0,29.0,0.000842750871473434,0.0008268387616566881
comercio_5224613445,comercio,"fraud_Mueller, Gerhold and Mueller",health_fitness,27,0,27,27.0,0.0,27.0,0.0009168021024232304,0.000912584307460721
comercio_4722432262,comercio,"fraud_Runolfsdottir, Mueller and Hand",entertainment,32,0,32,33.0,0.0,33.0,0.0009147053095940107,0.0009029518868486553
comercio_3885073441,comercio,fraud_Kuphal-Predovic,misc_net,28,0,28,28.0,0.0,28.0,0.0009251660005867354,0.0009368309029067554
comercio_6257204861,comercio,"fraud_Stanton, Jakubowski and Baumbach",shopping_net,35,0,35,36.0,0.0,36.0,0.0010971862892996884,0.001150428701669407
comercio_7569476090,comercio,"fraud_Baumbach, Strosin and Nicolas",shopping_pos,36,0,36,39.0,0.0,39.0,0.0010678417150698403,0.0010662648484598724
comercio_8288765239,comercio,fraud_Rau-Grant,kids_pets,36,0,36,36.0,0.0,36.0,0.001059395863298636,0.001037256228464447
comercio_0205545305,comercio,"fraud_Schaefer, Maggio and Daugherty",gas_transport,39,0,39,43.0,0.0,43.0,0.0011261066194736113,0.00111914485019134
comercio_7751321230,comercio,fraud_Spencer-Runolfsson,misc_pos,23,0,23,23.0,0.0,23.0,0.0007376766609979266,0.0007320530602670914
comercio_4565072113,comercio,fraud_Bernhard Inc,gas_transport,35,0,35,36.0,0.0,36.0,0.001067317303477296,0.0010637176394680654
comercio_8983217516,comercio,fraud_Turcotte-Halvorson,misc_pos,27,0,27,27.0,0.0,27.0,0.0008979277954774844,0.000894727346038808
comercio_2241231331,comercio,fraud_Roberts-Beahan,misc_pos,28,0,28,29.0,0.0,29.0,0.0008074191534879768,0.0008047495408548014
comercio_6588261064,comercio,"fraud_Bahringer, Osinski and Block",food_dining,37,0,37,37.0,0.0,37.0,0.0009095214676201541,0.0008870284727595598
comercio_0430539075,comercio,fraud_Spencer PLC,entertainment,27,0,27,27.0,0.0,27.0,0.0008032290791453712,0.000805127732979841
comercio_7153124526,comercio,fraud_Ruecker-Mayert,kids_pets,39,0,39,40.0,0.0,40.0,0.0009414367533073883,0.0009277487491662972
comercio_9426226102,comercio,"fraud_Roob, Conn and Tremblay",shopping_pos,39,0,39,40.0,0.0,40.0,0.0010134902305000166,0.001026997056964782
comercio_6773486145,comercio,fraud_Bauch-Raynor,grocery_pos,47,0,47,50.0,0.0,50.0,0.0012330320905916553,0.0012364357300611636
comercio_0200439779,comercio,fraud_Brown-Greenholt,entertainment,28,0,28,29.0,0.0,29.0,0.0007938634273543425,0.0007836675709311674
comercio_8436892866,comercio,"fraud_Klocko, Runolfsdottir and Breitenberg",health_fitness,30,0,30,31.0,0.0,31.0,0.0008995505418270673,0.0008937111819302799
comercio_5251167978,comercio,fraud_Schmidt-Larkin,home,33,0,33,34.0,0.0,34.0,0.0010137227227287678,0.0009963767605161461
comercio_4790624355,comercio,fraud_Deckow-Dare,food_dining,33,0,33,33.0,0.0,33.0,0.0008768403093691632,0.0008636055213724056
comercio_0962573902,comercio,fraud_Jast-McDermott,shopping_pos,37,0,37,38.0,0.0,38.0,0.0010658296887845948,0.0010457141507942064
comercio_0012866316,comercio,fraud_Gulgowski LLC,home,39,0,39,44.0,0.0,44.0,0.0011476834914533984,0.001127648700300666
comercio_5280941309,comercio,fraud_Strosin-Cruickshank,grocery_pos,37,0,37,39.0,0.0,39.0,0.0009829787362731946,0.0010248148862750848
comercio_6139008410,comercio,fraud_Haley Group,misc_pos,35,0,35,35.0,0.0,35.0,0.0009748103467349038,0.0009805658897317064
comercio_4678318945,comercio,"fraud_Jenkins, Hauck and Friesen",gas_transport,43,0,43,44.0,0.0,44.0,0.0011284463994360502,0.0011141201333876958
comercio_6195464779,comercio,"fraud_Hermiston, Russel and Price",food_dining,30,0,30,30.0,0.0,30.0,0.00087543128150545,0.0008552234466089263
comercio_5295896219,comercio,fraud_McDermott-Weimann,grocery_pos,39,0,39,42.0,0.0,42.0,0.0009700108315720506,0.0010135940926368416
comercio_3685117950,comercio,"fraud_Reichert, Rowe and Mraz",shopping_net,34,0,34,34.0,0.0,34.0,0.0009135379887905876,0.0009162352654602453
comercio_8425686636,comercio,"fraud_Bahringer, Bergnaum and Quitzon",home,43,0,43,47.0,0.0,47.0,0.0010673427645185142,0.001049924290071196
comercio_7517132633,comercio,"fraud_Swaniawski, Bahringer and Ledner",grocery_net,11,0,11,11.0,0.0,11.0,0.0005930595336862995,0.0005840299400874058
comercio_3177677815,comercio,fraud_Kutch and Sons,grocery_pos,43,0,43,44.0,0.0,44.0,0.0010653493141320619,0.0011066606452298457
comercio_5312613850,comercio,"fraud_Swaniawski, Lowe and Robel",shopping_pos,44,0,44,44.0,0.0,44.0,0.0011704077504178228,0.00119120503378416
comercio_9601097463,comercio,fraud_Collier LLC,home,44,0,44,44.0,0.0,44.0,0.0011473781766608694,0.0011237227711343952
comercio_6534704644,comercio,fraud_Tillman LLC,travel,11,0,11,11.0,0.0,11.0,0.0006440572746475564,0.000639972621730825
comercio_4466298412,comercio,fraud_Ullrich Ltd,kids_pets,31,0,31,32.0,0.0,32.0,0.0007807279279226301,0.0007712028178474248
comercio_5855361068,comercio,fraud_Mraz-Herzog,gas_transport,42,0,42,43.0,0.0,43.0,0.0013340340115652737,0.0013324972145040738
comercio_8202078928,comercio,fraud_Cartwright-Harris,grocery_pos,36,0,36,38.0,0.0,38.0,0.0009627112724172588,0.0010043676164806139
comercio_0888147846,comercio,fraud_Schoen Ltd,kids_pets,37,0,37,39.0,0.0,39.0,0.0009868638257056462,0.0009839681745935857
comercio_8086382523,comercio,fraud_Gottlieb-Hansen,personal_care,27,0,27,28.0,0.0,28.0,0.0008909056121613002,0.0008689498123908274
comercio_2547394793,comercio,fraud_Waelchi-Wolf,kids_pets,26,0,26,26.0,0.0,26.0,0.0007996294610127163,0.0007844477330797522
comercio_7371451135,comercio,fraud_Schumm PLC,health_fitness,51,0,51,53.0,0.0,53.0,0.0011478393994057358,0.0011616602833686904
comercio_3457052304,comercio,fraud_Thiel-Thiel,entertainment,30,0,30,30.0,0.0,30.0,0.0008860304077893037,0.0008777347528237909
comercio_7101734444,comercio,fraud_Beier-Hyatt,shopping_pos,47,0,47,50.0,0.0,50.0,0.0010684674575523452,0.0010857969678663233
comercio_8487711165,comercio,fraud_Lockman Ltd,grocery_pos,44,0,44,46.0,0.0,46.0,0.0010726034799358592,0.0011147330595921053
comercio_8021068960,comercio,fraud_Collier Inc,grocery_net,12,0,12,12.0,0.0,12.0,0.000604916334947475,0.0005964518867274958
comercio_4844158668,comercio,fraud_Parisian and Sons,gas_transport,53,0,53,57.0,0.0,57.0,0.001189401715943473,0.0011892624434389422
comercio_4467277142,comercio,"fraud_Adams, Kovacek and Kuhlman",grocery_net,23,0,23,24.0,0.0,24.0,0.0006924436418753895,0.000675123232503877
comercio_3428262569,comercio,"fraud_Baumbach, Hodkiewicz and Walsh",shopping_pos,45,0,45,47.0,0.0,47.0,0.0012473742738285214,0.0012587140981223353
comercio_8909345314,comercio,fraud_Flatley Group,misc_pos,17,0,17,19.0,0.0,19.0,0.0007243194204174516,0.0007169403002721743
comercio_2145853434,comercio,fraud_Grimes LLC,entertainment,26,0,26,26.0,0.0,26.0,0.0008070011549523574,0.0007796658370141334
comercio_5825393902,comercio,"fraud_Tillman, Dickinson and Labadie",gas_transport,39,0,39,39.0,0.0,39.0,0.0011961852922869115,0.0011911873807530595
comercio_5903168846,comercio,"fraud_Windler, Goodwin and Kovacek",home,30,0,30,31.0,0.0,31.0,0.0008493766817914357,0.0008284609407480224
comercio_3031834491,comercio,fraud_McGlynn-Heathcote,misc_net,29,0,29,30.0,0.0,30.0,0.0009096831128485058,0.0009138148063664689
comercio_0197813740,comercio,fraud_Bauch-Blanda,entertainment,32,0,32,33.0,0.0,33.0,0.0008498132717552171,0.000832339101406382
comercio_8313154051,comercio,fraud_Botsford Ltd,shopping_pos,33,0,33,35.0,0.0,35.0,0.0008974510869729244,0.0009168780225829964
comercio_3530720523,comercio,fraud_Miller-Harris,misc_net,26,0,26,28.0,0.0,28.0,0.0009141524975528252,0.0009545030437292302
comercio_2586173609,comercio,fraud_Metz-Boehm,shopping_pos,29,0,29,30.0,0.0,30.0,0.0009445608348203366,0.0009253180383556139
comercio_5584378560,comercio,fraud_Botsford and Sons,home,33,0,33,35.0,0.0,35.0,0.0008522735931876779,0.0008434811942010842
comercio_3733940630,comercio,fraud_Pouros-Conroy,shopping_pos,49,0,49,51.0,0.0,51.0,0.0011383915060962097,0.0011484165879165748
comercio_9039338673,comercio,fraud_Sporer Inc,gas_transport,42,0,42,44.0,0.0,44.0,0.0010858657513313262,0.0010709075182310432
comercio_4715580679,comercio,fraud_Deckow-O'Conner,grocery_pos,48,0,48,51.0,0.0,51.0,0.001252342290522292,0.001281181233805183
comercio_7406370645,comercio,fraud_Lynch Ltd,shopping_pos,36,0,36,38.0,0.0,38.0,0.000957953838679208,0.0009589991683420434
comercio_7795381977,comercio,fraud_Schmitt Ltd,misc_net,20,0,20,21.0,0.0,21.0,0.0007210173044671544,0.0007467908080115463
comercio_6248244353,comercio,fraud_DuBuque LLC,grocery_pos,44,0,44,46.0,0.0,46.0,0.0011769119541328807,0.0012047115569254723
comercio_7207246840,comercio,fraud_Connelly PLC,food_dining,29,0,29,30.0,0.0,30.0,0.0008573984352274015,0.0008537797851080307
comercio_6015340449,comercio,fraud_McGlynn-Jaskolski,misc_pos,29,0,29,31.0,0.0,31.0,0.0008656714809226341,0.0008555683141077524
comercio_4502045683,comercio,fraud_Kulas Group,health_fitness,16,0,16,16.0,0.0,16.0,0.0006440705120771009,0.0006367927881925996
comercio_7005495989,comercio,fraud_Padberg-Welch,grocery_pos,33,0,33,33.0,0.0,33.0,0.0009118847467390357,0.0009455030060362047
comercio_4498948536,comercio,fraud_Kerluke-Abshire,shopping_net,41,0,41,41.0,0.0,41.0,0.000969074615072942,0.0009957222980347907
comercio_5049373545,comercio,fraud_Eichmann-Russel,misc_pos,31,0,31,31.0,0.0,31.0,0.0009373248406974727,0.0009380751589379948
comercio_8994750657,comercio,fraud_Maggio-Fahey,misc_pos,23,0,23,24.0,0.0,24.0,0.0008186179385092132,0.0008115974974496622
comercio_6792413340,comercio,fraud_Boyer-Reichert,shopping_net,37,0,37,37.0,0.0,37.0,0.0010105038985275692,0.0010744131335304339
comercio_9173975227,comercio,fraud_Rempel Inc,shopping_net,39,0,39,41.0,0.0,41.0,0.0010143043344877842,0.0010544440343706728
comercio_2321266927,comercio,fraud_Gerlach Inc,shopping_net,44,0,44,45.0,0.0,45.0,0.001130817706870995,0.0011848929688967134
comercio_8408916699,comercio,fraud_Terry-Huel,shopping_net,46,0,46,48.0,0.0,48.0,0.0012040310234337748,0.0012637047922069464
comercio_1370324911,comercio,fraud_Thiel PLC,misc_pos,12,0,12,12.0,0.0,12.0,0.0005760922159743473,0.0005754074089456859
comercio_3204613295,comercio,fraud_Kutch-Hegmann,grocery_net,19,0,19,19.0,0.0,19.0,0.000640109292163284,0.0006352087620138054
comercio_7351964575,comercio,"fraud_Watsica, Haag and Considine",shopping_pos,42,0,42,43.0,0.0,43.0,0.0010822669174392176,0.0010674501057816922
comercio_9363337789,comercio,fraud_Kiehn Inc,grocery_pos,57,0,57,59.0,0.0,59.0,0.0012887000890038425,0.0013453355628383506
comercio_9680685889,comercio,fraud_Hermann-Gaylord,misc_pos,26,0,26,26.0,0.0,26.0,0.0008687857449418606,0.0008452240954143751
comercio_4176896791,comercio,fraud_Flatley-Durgan,misc_net,30,0,30,30.0,0.0,30.0,0.0008494357849373627,0.0008629310426649759
comercio_9763205284,comercio,fraud_Kilback and Sons,entertainment,27,0,27,29.0,0.0,29.0,0.0007809454363674641,0.0007869199626128164
comercio_0042032239,comercio,fraud_Cummings LLC,gas_transport,36,0,36,40.0,0.0,40.0,0.001019968397050951,0.001001786149897097
comercio_0059907409,comercio,"fraud_Rowe, Batz and Goodwin",grocery_pos,43,0,43,43.0,0.0,43.0,0.0011838270404073003,0.0012152887300085342
comercio_1490883517,comercio,"fraud_Mante, Luettgen and Hackett",health_fitness,29,0,29,29.0,0.0,29.0,0.0008069533551333441,0.0007874584929064451
comercio_8679285170,comercio,fraud_Connelly-Carter,home,31,0,31,32.0,0.0,32.0,0.0008686955675145648,0.0008513549996706377
comercio_4525639424,comercio,fraud_Fisher-Schowalter,shopping_net,41,0,41,42.0,0.0,42.0,0.0009447039293065813,0.0009707130075898905
comercio_9333967669,comercio,fraud_Conroy-Cruickshank,gas_transport,41,0,41,42.0,0.0,42.0,0.0010510526861494925,0.0010624989941545098
comercio_1604355600,comercio,fraud_Kutch-Wilderman,home,28,0,28,30.0,0.0,30.0,0.000883264542612185,0.0008726167420780637
comercio_2185554168,comercio,fraud_Fadel Inc,health_fitness,31,0,31,32.0,0.0,32.0,0.0009341931272410473,0.0009294808380374388
comercio_3062799272,comercio,fraud_Shanahan-Lehner,personal_care,34,0,34,35.0,0.0,35.0,0.00103194108453659,0.0010274398928094065
comercio_8865641597,comercio,fraud_Bins-Tillman,entertainment,25,0,25,25.0,0.0,25.0,0.0007877267623875396,0.0007892756512446466
comercio_0333950504,comercio,fraud_Cormier LLC,shopping_net,62,0,62,65.0,0.0,65.0,0.0014142413026591377,0.0014298191684724859
comercio_8291679407,comercio,fraud_Skiles LLC,home,30,0,30,31.0,0.0,31.0,0.0008616243391859868,0.0008579419293509978
comercio_2753988307,comercio,fraud_Corwin-Collins,gas_transport,36,0,36,36.0,0.0,36.0,0.0010357510370640713,0.0010176795751916754
comercio_0469526350,comercio,fraud_Abbott-Rogahn,entertainment,35,0,35,36.0,0.0,36.0,0.0009058545399693243,0.0008886985069795591
comercio_1284634027,comercio,"fraud_Hills, Hegmann and Schaefer",health_fitness,24,0,24,25.0,0.0,25.0,0.0007722135358011255,0.000765066429028884
comercio_7668307115,comercio,fraud_Kuvalis Ltd,gas_transport,42,0,42,44.0,0.0,44.0,0.0010029925589702974,0.0010254922624853796
comercio_3710667309,comercio,"fraud_Schaefer, McGlynn and Bosco",gas_transport,31,0,31,32.0,0.0,32.0,0.0008333491837817079,0.000813362870685677
comercio_0206988999,comercio,"fraud_Streich, Rolfson and Wilderman",kids_pets,34,0,34,35.0,0.0,35.0,0.0010357235664764603,0.001033733326976803
comercio_7319720381,comercio,fraud_Rutherford-Mertz,grocery_pos,37,0,37,40.0,0.0,40.0,0.0010754133255537865,0.001075405862058563
comercio_8982438024,comercio,fraud_Jaskolski-Dibbert,grocery_net,26,0,26,26.0,0.0,26.0,0.0007550754056638076,0.0007448836296599919
comercio_5770442019,comercio,"fraud_Pouros, Walker and Spencer",kids_pets,32,0,32,32.0,0.0,32.0,0.000900382977442748,0.0008708977872477244
comercio_8366378591,comercio,fraud_Leannon-Ward,food_dining,34,0,34,34.0,0.0,34.0,0.0008224934772658208,0.0008217873425437217
comercio_2301662005,comercio,fraud_Nienow PLC,entertainment,28,0,28,28.0,0.0,28.0,0.0009198774748081028,0.0009219800587559657
comercio_0121152316,comercio,fraud_Cummerata-Hilpert,entertainment,33,0,33,33.0,0.0,33.0,0.0009203677248558006,0.0008972990313635056
comercio_2733774260,comercio,fraud_Gottlieb Group,kids_pets,34,0,34,35.0,0.0,35.0,0.0009130395135503085,0.0009018585970051243
comercio_4989505886,comercio,fraud_Goodwin-Nitzsche,grocery_pos,42,0,42,43.0,0.0,43.0,0.001003861050029884,0.0010398597770296379
comercio_3626528809,comercio,"fraud_Prosacco, Kreiger and Kovacek",home,33,0,33,35.0,0.0,35.0,0.0009449399333325149,0.0009209332939480506
comercio_5775077022,comercio,"fraud_Streich, Hansen and Veum",gas_transport,43,0,43,43.0,0.0,43.0,0.0010968394173332464,0.001097963280643985
comercio_5544004433,comercio,fraud_Erdman-Schaden,personal_care,26,0,26,26.0,0.0,26.0,0.0007924587758823273,0.0008010361830479779
comercio_6186750692,comercio,fraud_Koelpin and Sons,misc_net,29,0,29,29.0,0.0,29.0,0.0009593524594242389,0.0009920779923297035
comercio_9303324681,comercio,fraud_Kirlin and Sons,personal_care,30,0,30,30.0,0.0,30.0,0.0008583242980526171,0.0008324612091823876
comercio_7228772812,comercio,fraud_White and Sons,home,37,0,37,38.0,0.0,38.0,0.0009192887307903593,0.0009045566182611886
comercio_4765346949,comercio,"fraud_Ritchie, Bradtke and Stiedemann",travel,11,0,11,11.0,0.0,11.0,0.0006270867596226486,0.0006319683880209789
comercio_3473432236,comercio,fraud_Pfeffer and Sons,shopping_pos,27,0,27,27.0,0.0,27.0,0.0008017901858487343,0.0008008124144462141
comercio_8920590721,comercio,fraud_Kuhn LLC,shopping_pos,49,0,49,51.0,0.0,51.0,0.00113092210620516,0.0011732542581951095
comercio_8869348547,comercio,fraud_Jakubowski Inc,home,36,0,36,37.0,0.0,37.0,0.0010297793932017546,0.0010215719012525908
comercio_9970780794,comercio,"fraud_Lind, Huel and McClure",gas_transport,43,0,43,44.0,0.0,44.0,0.0011349639852928888,0.0011058487250457296
comercio_2125566770,comercio,"fraud_Dare, Fritsch and Zboncak",health_fitness,30,0,30,30.0,0.0,30.0,0.0008506887866576281,0.000842746279734165
comercio_7563288347,comercio,fraud_Hirthe-Beier,health_fitness,28,0,28,29.0,0.0,29.0,0.0008361777014934032,0.0008300490602944027
comercio_9825571629,comercio,fraud_Hills-Boyer,personal_care,30,0,30,31.0,0.0,31.0,0.0008786954480837491,0.0008718738100460555
comercio_4590672891,comercio,fraud_Kris-Padberg,shopping_pos,37,0,37,37.0,0.0,37.0,0.001028766309652223,0.0010462910367320416
comercio_7491595275,comercio,fraud_Adams-Barrows,health_fitness,33,0,33,34.0,0.0,34.0,0.0009592636900774104,0.0009373455731973235
comercio_3227457553,comercio,"fraud_Altenwerth, Cartwright and Koss",shopping_net,38,0,38,40.0,0.0,40.0,0.0010441577270992768,0.0011024372014508156
comercio_0460934538,comercio,fraud_Labadie LLC,personal_care,28,0,28,28.0,0.0,28.0,0.0008402328263373194,0.0008154066352401091
comercio_3285728188,comercio,fraud_Bashirian Group,shopping_net,43,0,43,45.0,0.0,45.0,0.0010313551351049497,0.0011010589662074908
comercio_0205743951,comercio,fraud_Bins-Rice,gas_transport,29,0,29,30.0,0.0,30.0,0.0009184666764882033,0.0009238753533946672
comercio_3003186161,comercio,fraud_Jewess LLC,shopping_pos,38,0,38,38.0,0.0,38.0,0.001043942197882112,0.0010519438595663058
comercio_3979760324,comercio,"fraud_Douglas, Schneider and Turner",shopping_pos,42,0,42,42.0,0.0,42.0,0.0010558184078504616,0.0010502338934119018
comercio_6330734984,comercio,fraud_Quitzon-Goyette,home,34,0,34,35.0,0.0,35.0,0.0009196001610270194,0.0008973214329762166
comercio_6913130119,comercio,fraud_Predovic Inc,shopping_net,37,0,37,38.0,0.0,38.0,0.0010296587965425126,0.0010455521957654808
comercio_5582360817,comercio,"fraud_Nienow, Barrows and Romaguera",personal_care,32,0,32,33.0,0.0,33.0,0.000901258319399898,0.000880258675890906
comercio_2007874625,comercio,fraud_Hudson-Ratke,grocery_pos,48,0,48,49.0,0.0,49.0,0.0011282164667068112,0.001137188433478133
comercio_8333736370,comercio,fraud_Runte-Mohr,food_dining,31,0,31,34.0,0.0,34.0,0.0008779381878471818,0.0008592605674999206
comercio_7833088063,comercio,"fraud_Schumm, Bauch and Ondricka",grocery_pos,43,0,43,45.0,0.0,45.0,0.0012095558704602188,0.0012287552686170388
comercio_7986877104,comercio,fraud_Barton LLC,kids_pets,33,0,33,34.0,0.0,34.0,0.0009397236945860802,0.0009165831507122686
comercio_7496685102,comercio,fraud_Bruen-Yost,misc_pos,29,0,29,31.0,0.0,31.0,0.0009184160847006611,0.0008954347877496745
comercio_5920301590,comercio,fraud_Kassulke PLC,shopping_net,39,0,39,39.0,0.0,39.0,0.0010061172228407367,0.0010196750587340197
comercio_9691933046,comercio,"fraud_Herman, Treutel and Dickens",misc_net,24,0,24,24.0,0.0,24.0,0.000722972761160581,0.0007457403233550054
comercio_0862765991,comercio,"fraud_Willms, Kris and Bergnaum",shopping_pos,34,0,34,36.0,0.0,36.0,0.0010030476969476057,0.0009946975384606154
comercio_4288800267,comercio,"fraud_Feil, Hilpert and Koss",food_dining,35,0,35,35.0,0.0,35.0,0.001066134904979049,0.001045052823028182
comercio_1062070452,comercio,"fraud_Turcotte, McKenzie and Koss",entertainment,30,0,30,30.0,0.0,30.0,0.0008932968738525608,0.0008861605625534169
comercio_5657383198,comercio,fraud_O'Hara-Wilderman,food_dining,25,0,25,25.0,0.0,25.0,0.0008398483526582417,0.0008359731036419397
comercio_9569712996,comercio,"fraud_Kihn, Brakus and Goyette",personal_care,28,0,28,30.0,0.0,30.0,0.0008284700951295738,0.0008138170257771675
comercio_2950963026,comercio,fraud_Cartwright PLC,kids_pets,36,0,36,37.0,0.0,37.0,0.0009807319181237997,0.0009619023428617902
comercio_9041024744,comercio,fraud_Hilpert-Conroy,kids_pets,40,0,40,41.0,0.0,41.0,0.0010945760963218182,0.0010654310460619263
comercio_3682749201,comercio,fraud_Stamm-Rodriguez,misc_pos,37,0,37,38.0,0.0,38.0,0.0010230298688756066,0.0010311016075921049
comercio_6749056662,comercio,fraud_Murray-Smitham,grocery_pos,50,0,50,51.0,0.0,51.0,0.0011734194491110524,0.0012038927104715096
comercio_0675525750,comercio,fraud_Macejkovic-Lesch,shopping_pos,37,0,37,39.0,0.0,39.0,0.0010185650795006696,0.0010222500948962809
comercio_0763297353,comercio,"fraud_Connelly, Reichert and Fritsch",gas_transport,46,0,46,47.0,0.0,47.0,0.0011925559146046855,0.0011633633599817217
comercio_5493102293,comercio,fraud_Gleason and Sons,kids_pets,33,0,33,34.0,0.0,34.0,0.0009387103686647588,0.0009223770936755218
comercio_9938618573,comercio,fraud_Bailey-Morar,grocery_pos,52,0,52,54.0,0.0,54.0,0.0012631899311305688,0.0012743156122783205
comercio_3895276308,comercio,fraud_Kutch LLC,gas_transport,39,0,39,41.0,0.0,41.0,0.0009790711340103048,0.0009576033314566069
comercio_0100662007,comercio,fraud_Reilly LLC,home,38,0,38,38.0,0.0,38.0,0.0009992021147246415,0.0009665832799742639
comercio_0881783210,comercio,fraud_Kihn Inc,shopping_pos,29,0,29,29.0,0.0,29.0,0.0009092448366324595,0.0009030738739832613
comercio_1919164434,comercio,fraud_Nolan-Williamson,kids_pets,45,0,45,45.0,0.0,45.0,0.0010127502761174162,0.0010078312166812004
comercio_9678440529,comercio,fraud_Rodriguez Group,gas_transport,38,0,38,39.0,0.0,39.0,0.001057817744205447,0.0010580393326725106
comercio_7967921551,comercio,"fraud_Walter, Hettinger and Kessler",personal_care,24,0,24,24.0,0.0,24.0,0.0007138189562089216,0.0007096397567264806
comercio_3096784693,comercio,fraud_Cummerata-Jones,gas_transport,34,0,34,37.0,0.0,37.0,0.0009983890168296938,0.000998008488466387
comercio_5156551468,comercio,"fraud_Moore, Williamson and Emmerich",home,39,0,39,41.0,0.0,41.0,0.0011599705085517465,0.0011360836239933051
comercio_8634575982,comercio,fraud_Gislason Group,misc_pos,38,0,38,41.0,0.0,41.0,0.001033298919736313,0.0010360238956380267
comercio_9648745144,comercio,fraud_Marvin-Lind,personal_care,26,0,26,27.0,0.0,27.0,0.0008134294666740231,0.0008054218971622272
comercio_1931354031,comercio,"fraud_Dare, Casper and Bartoletti",kids_pets,30,0,30,31.0,0.0,31.0,0.0008364626148775427,0.0008233317054096703
comercio_0206757515,comercio,fraud_Little Ltd,kids_pets,34,0,34,35.0,0.0,35.0,0.0009625607858801624,0.0009362365746323397
comercio_4624476344,comercio,fraud_Leannon-Nikolaus,travel,12,0,12,12.0,0.0,12.0,0.0006011075401111017,0.0005874687643377566
comercio_4769057019,comercio,fraud_O'Keefe-Hudson,grocery_pos,53,0,53,56.0,0.0,56.0,0.0011767622316835248,0.0012496996690942487
comercio_3258835399,comercio,fraud_Brekke and Sons,gas_transport,46,0,46,49.0,0.0,49.0,0.0012859924117503555,0.001282415115041635
comercio_7926813118,comercio,fraud_Brown PLC,misc_net,19,0,19,19.0,0.0,19.0,0.0007202772851924064,0.0007367418190074739
comercio_9450879108,comercio,fraud_Friesen-Ortiz,personal_care,28,0,28,29.0,0.0,29.0,0.0008655670184252006,0.0008479629054759917
comercio_2889652634,comercio,"fraud_Reinger, Weissnat and Strosin",food_dining,18,0,18,18.0,0.0,18.0,0.0006448616605160127,0.0006379176534031996
comercio_5679567345,comercio,fraud_Will Ltd,food_dining,24,0,24,24.0,0.0,24.0,0.0008544398090528069,0.0008595701889339535
comercio_3537054179,comercio,fraud_Kutch Group,grocery_net,11,0,11,12.0,0.0,12.0,0.0006315804410640704,0.0006353236286467184
comercio_7796875137,comercio,"fraud_Zieme, Bode and Dooley",gas_transport,40,0,40,41.0,0.0,41.0,0.0011770802938173227,0.0011532315680989214
comercio_2336227487,comercio,"fraud_Kunze, Larkin and Mayert",travel,14,0,14,14.0,0.0,14.0,0.0005969843811051928,0.0005845113760838493
comercio_1937370928,comercio,fraud_Friesen Ltd,health_fitness,28,0,28,28.0,0.0,28.0,0.0009414749548223529,0.0009239189247349221
comercio_9448467479,comercio,fraud_Buckridge PLC,misc_pos,22,0,22,22.0,0.0,22.0,0.0007108397530782235,0.0007129978664118945
comercio_3408579440,comercio,"fraud_Metz, Russel and Metz",kids_pets,30,0,30,30.0,0.0,30.0,0.0008889648387694187,0.0008799840536628449
comercio_7071639483,comercio,fraud_Emard Inc,gas_transport,43,0,43,44.0,0.0,44.0,0.0011858320818739986,0.0011790273471640037
comercio_9630559626,comercio,fraud_Prosacco LLC,personal_care,33,0,33,33.0,0.0,33.0,0.0009283548151093385,0.0009063098478728777
comercio_5693811802,comercio,fraud_Klein Group,entertainment,25,0,25,25.0,0.0,25.0,0.0008002475340776602,0.0007839079468525183
comercio_2188837209,comercio,"fraud_Weimann, Kuhic and Beahan",shopping_pos,26,0,26,29.0,0.0,29.0,0.000884740468020344,0.0008723826869671072
comercio_5237775559,comercio,"fraud_Kovacek, Dibbert and Ondricka",grocery_pos,48,0,48,48.0,0.0,48.0,0.0010892093289578055,0.001114343409821546
comercio_2826745997,comercio,fraud_Champlin and Sons,home,30,0,30,32.0,0.0,32.0,0.0008690719868707847,0.0008591780545312219
comercio_3578309304,comercio,fraud_Morissette LLC,entertainment,24,0,24,25.0,0.0,25.0,0.0007906527688740713,0.0007904057844436351
comercio_1025008516,comercio,fraud_Friesen Inc,shopping_pos,34,0,34,35.0,0.0,35.0,0.000894414451612838,0.0009570369673114618
comercio_9488642341,comercio,fraud_Harber Inc,gas_transport,40,0,40,40.0,0.0,40.0,0.0010837125220411004,0.0010948791215362713
comercio_9360765664,comercio,fraud_Champlin-Casper,home,25,0,25,27.0,0.0,27.0,0.0007896157203435498,0.0007763824716765016
comercio_3574594324,comercio,fraud_Block-Hauck,travel,11,0,11,11.0,0.0,11.0,0.0005782254152025951,0.0005620677151517094
comercio_1885807714,comercio,fraud_Vandervort-Funk,grocery_pos,48,0,48,48.0,0.0,48.0,0.001038203708075815,0.00102879158222413
comercio_6486296709,comercio,"fraud_Lakin, Ferry and Beatty",food_dining,28,0,28,29.0,0.0,29.0,0.0009509939146950531,0.0009420312753201515
comercio_0684315605,comercio,fraud_Larson-Moen,entertainment,30,0,30,30.0,0.0,30.0,0.0008325012790970531,0.00081266208836997
comercio_4924007121,comercio,fraud_Schamberger-O'Keefe,grocery_pos,48,0,48,50.0,0.0,50.0,0.0012997445616096306,0.0013302461240153783
comercio_6808032293,comercio,fraud_Gutmann-Upton,misc_pos,40,0,40,43.0,0.0,43.0,0.0010924028505931163,0.0010856187940348884
comercio_1040707130,comercio,fraud_Christiansen-Gusikowski,misc_pos,24,0,24,24.0,0.0,24.0,0.0008296506807819588,0.0008263188851060811
comercio_5060390739,comercio,"fraud_O'Reilly, Mohr and Purdy",home,31,0,31,32.0,0.0,32.0,0.0009066503992733135,0.0009011472774250301
comercio_7552444505,comercio,fraud_Hudson-Grady,shopping_pos,35,0,35,35.0,0.0,35.0,0.0010246522715964667,0.0010065599900556772
comercio_0953093463,comercio,"fraud_Kuhic, Bins and Pfeffer",shopping_net,32,0,32,32.0,0.0,32.0,0.0009108395869112704,0.000926829672038293
comercio_1703797631,comercio,fraud_Bernier and Sons,kids_pets,43,0,43,43.0,0.0,43.0,0.0010465499924082293,0.0010372318959825442
comercio_0620702008,comercio,fraud_Zboncak LLC,food_dining,33,0,33,35.0,0.0,35.0,0.0008538077926050556,0.0008452076246556478
comercio_4870043219,comercio,fraud_Koss and Sons,gas_transport,31,0,31,33.0,0.0,33.0,0.0009193807982660029,0.0009313224435738723
comercio_2804352954,comercio,fraud_Wilkinson PLC,kids_pets,24,0,24,25.0,0.0,25.0,0.0007753275831125086,0.0007787136415746967
comercio_7559276268,comercio,"fraud_Cremin, Hamill and Reichel",misc_pos,24,0,24,24.0,0.0,24.0,0.000807885382885257,0.000804860742598854
comercio_4887060013,comercio,fraud_Barrows PLC,shopping_pos,41,0,41,43.0,0.0,43.0,0.0010868260078522908,0.0010817827316946353
comercio_0945287598,comercio,"fraud_Nitzsche, Kessler and Wolff",shopping_pos,24,0,24,24.0,0.0,24.0,0.0008293235546966693,0.0008381944164608932
comercio_5014690071,comercio,"fraud_Wuckert, Wintheiser and Friesen",home,43,0,43,44.0,0.0,44.0,0.001002777912784009,0.000990449103475228
comercio_6553862697,comercio,fraud_Stark-Batz,entertainment,32,0,32,32.0,0.0,32.0,0.0009697869079226455,0.000966515340624043
comercio_8575430088,comercio,"fraud_Little, Gutmann and Lynch",shopping_net,32,0,32,32.0,0.0,32.0,0.0009820716918392616,0.00098364364642909
comercio_7272163705,comercio,fraud_Dooley Inc,shopping_pos,31,0,31,31.0,0.0,31.0,0.0008535215496938073,0.0008550460574040333
comercio_6559020060,comercio,fraud_Friesen-D'Amore,gas_transport,31,0,31,31.0,0.0,31.0,0.000818946847975873,0.0008179791550260175
comercio_5211417467,comercio,"fraud_Kerluke, Considine and Macejkovic",misc_net,25,0,25,26.0,0.0,26.0,0.0007481016736036216,0.0007545280820506695
comercio_0868776462,comercio,"fraud_McCullough, Hudson and Schuster",food_dining,31,0,31,31.0,0.0,31.0,0.000861754149660439,0.000851798825942273
comercio_6387912346,comercio,fraud_Lemke and Sons,travel,17,0,17,17.0,0.0,17.0,0.0006802459879399567,0.0006644394207887341
comercio_6316646989,comercio,fraud_Kris-Weimann,misc_net,31,0,31,31.0,0.0,31.0,0.0008859131167769695,0.0009272977999905179
comercio_2318733205,comercio,fraud_Auer-West,shopping_net,39,0,39,40.0,0.0,40.0,0.0010388480322567897,0.0010859807533978403
comercio_4992661599,comercio,fraud_Medhurst Inc,home,28,0,28,28.0,0.0,28.0,0.000754470404522075,0.0007490961814630451
comercio_7689182892,comercio,"fraud_Heller, Gutmann and Zieme",grocery_pos,37,0,37,37.0,0.0,37.0,0.0010576559796385812,0.0010798531344680866
comercio_9114194377,comercio,"fraud_Koss, Hansen and Lueilwitz",home,40,0,40,40.0,0.0,40.0,0.0011035315354053707,0.0010866043373572414
comercio_8602489731,comercio,fraud_Weimann-Lockman,kids_pets,36,0,36,36.0,0.0,36.0,0.000997727978789712,0.0009803369606178254
comercio_8725462430,comercio,"fraud_Christiansen, Goyette and Schamberger",gas_transport,26,0,26,27.0,0.0,27.0,0.000786105698328791,0.0008041410435017511
comercio_0848636013,comercio,fraud_Waelchi Inc,kids_pets,45,0,45,45.0,0.0,45.0,0.0010719954363514145,0.0010676498354675345
comercio_5353387282,comercio,"fraud_Morissette, Weber and Wiegand",grocery_net,14,0,14,14.0,0.0,14.0,0.0005855940190184593,0.0005827734547431278
comercio_9564207455,comercio,"fraud_Greenholt, O'Hara and Balistreri",shopping_net,37,0,37,38.0,0.0,38.0,0.0009425896597066857,0.0009806576502740484
comercio_4803101386,comercio,"fraud_Hyatt, Russel and Gleichner",health_fitness,26,0,26,26.0,0.0,26.0,0.0009568461362785888,0.0009456740165532315
comercio_1664595543,comercio,fraud_O'Keefe-Wisoky,food_dining,30,0,30,31.0,0.0,31.0,0.0009625245657469603,0.0009426849429901182
comercio_3513768151,comercio,"fraud_Crist, Jakubowski and Littel",home,29,0,29,29.0,0.0,29.0,0.0008438331673065599,0.0008291607661880117
comercio_8909589463,comercio,"fraud_Robel, Cummerata and Prosacco",gas_transport,34,0,34,36.0,0.0,36.0,0.0009884292544056251,0.0009785071484551102
comercio_4430056597,comercio,fraud_Cruickshank-Mills,entertainment,22,0,22,22.0,0.0,22.0,0.0007198279798229873,0.0007164535093008957
comercio_7277803591,comercio,"fraud_Schoen, Kuphal and Nitzsche",grocery_pos,41,0,41,43.0,0.0,43.0,0.0010450451048845282,0.001059633856582198
comercio_8239339308,comercio,"fraud_Langosh, Wintheiser and Hyatt",food_dining,23,0,23,23.0,0.0,23.0,0.0006934620363282507,0.0006896157251313767
comercio_5572015899,comercio,fraud_Rau and Sons,grocery_pos,47,0,47,50.0,0.0,50.0,0.0011134149458659778,0.0011334124576730575
comercio_0748609734,comercio,"fraud_Casper, Hand and Zulauf",grocery_pos,29,0,29,30.0,0.0,30.0,0.0008812202072827561,0.0009087568627253643
comercio_4194707135,comercio,fraud_Barton Inc,grocery_pos,33,0,33,36.0,0.0,36.0,0.0008982460829123411,0.0009292974463000541
comercio_2136044151,comercio,fraud_Pagac LLC,shopping_pos,27,0,27,28.0,0.0,28.0,0.0009173088249353718,0.0009158215198178724
comercio_5551255717,comercio,"fraud_Bradtke, Torp and Bahringer",personal_care,35,0,35,36.0,0.0,36.0,0.0010300568311434693,0.0010184249551162205
comercio_1365286006,comercio,"fraud_Okuneva, Schneider and Rau",shopping_pos,41,0,41,41.0,0.0,41.0,0.0009993616680969964,0.00100834200491325
comercio_4478644804,comercio,fraud_Volkman PLC,food_dining,22,0,22,23.0,0.0,23.0,0.0008389039447752307,0.0008298968817317573
comercio_6318804238,comercio,"fraud_Schmeler, Bashirian and Price",shopping_net,45,0,45,48.0,0.0,48.0,0.001208322823005878,0.001267662524933203
comercio_0136551854,comercio,fraud_Schmidt and Sons,shopping_net,33,0,33,34.0,0.0,34.0,0.0009914892428935299,0.0010384989888018498
comercio_7384275076,comercio,"fraud_Wiza, Schaden and Stark",misc_pos,20,0,20,20.0,0.0,20.0,0.0007484248127528642,0.0007464730746143191
comercio_9040441198,comercio,fraud_Volkman-Predovic,shopping_net,41,0,41,41.0,0.0,41.0,0.001023339439985421,0.0010665564392852616
comercio_2363911062,comercio,fraud_Stracke-Lemke,grocery_pos,48,0,48,48.0,0.0,48.0,0.0012477813318579282,0.0012998114848060446
comercio_4775572406,comercio,fraud_Homenick LLC,personal_care,37,0,37,38.0,0.0,38.0,0.0009761678941363787,0.000942886572372629
comercio_2339479343,comercio,fraud_Kozey-Kuhlman,personal_care,25,0,25,25.0,0.0,25.0,0.0008026922438824234,0.0007886042834273458
comercio_8113877515,comercio,"fraud_Reilly, Heaney and Cole",gas_transport,44,0,44,44.0,0.0,44.0,0.001186199660653685,0.0011740909207033016
comercio_3959585582,comercio,"fraud_Osinski, Ledner and Leuschke",grocery_pos,42,0,42,43.0,0.0,43.0,0.0009790534788877705,0.0010322855683837008
comercio_6616020062,comercio,fraud_Hickle Group,shopping_pos,34,0,34,34.0,0.0,34.0,0.0010495183821207647,0.0010571245465827142
comercio_9460187915,comercio,"fraud_Runte, Green and Emard",health_fitness,29,0,29,30.0,0.0,30.0,0.000871381522185626,0.0008558548755944865
comercio_8465620179,comercio,fraud_Bahringer Group,health_fitness,19,0,19,19.0,0.0,19.0,0.0006873544262739986,0.0006862802521053093
comercio_0470453485,comercio,"fraud_Champlin, Rolfson and Connelly",travel,17,0,17,17.0,0.0,17.0,0.0007078954599462362,0.0007057718708825524
comercio_4072841532,comercio,fraud_Huel Ltd,misc_net,28,0,28,28.0,0.0,28.0,0.0008201933602918116,0.0008549352494540417
comercio_9762596506,comercio,fraud_Reichel Inc,entertainment,34,0,34,34.0,0.0,34.0,0.0009537389498730268,0.0009723499230089116
comercio_4796061986,comercio,"fraud_O'Connell, Botsford and Hand",home,37,0,37,38.0,0.0,38.0,0.0010437328626905192,0.0010172927029254229
comercio_1148487350,comercio,fraud_Kozey-Boehm,shopping_net,29,0,29,30.0,0.0,30.0,0.000926594058930515,0.0009939720661513742
comercio_6282190597,comercio,fraud_Bednar Group,misc_net,31,0,31,32.0,0.0,32.0,0.0010877384241244504,0.0010994753625025798
comercio_5797659080,comercio,"fraud_Armstrong, Walter and Gottlieb",food_dining,24,0,24,24.0,0.0,24.0,0.0007915817779284805,0.0007735765709919867
comercio_3531002951,comercio,fraud_Terry Ltd,home,36,0,36,37.0,0.0,37.0,0.0008586801080449817,0.0008438442573849316
comercio_4166674692,comercio,"fraud_Mosciski, Gislason and Mertz",grocery_pos,35,0,35,35.0,0.0,35.0,0.0009686838988860385,0.0009955136830399288
comercio_4804562429,comercio,fraud_Friesen-Stamm,gas_transport,37,0,37,38.0,0.0,38.0,0.0010089072646463576,0.0010036774534435827
comercio_6384530666,comercio,fraud_Rippin-VonRueden,health_fitness,22,0,22,22.0,0.0,22.0,0.0007430557540870896,0.0007346593402799363
comercio_1420970155,comercio,"fraud_Fadel, Mertz and Rippin",entertainment,24,0,24,24.0,0.0,24.0,0.0008744591983790114,0.0008613464806213979
comercio_5082406948,comercio,fraud_Heidenreich PLC,grocery_pos,41,0,41,41.0,0.0,41.0,0.0011133972956156367,0.001109994053790084
comercio_7747172675,comercio,"fraud_Ruecker, Beer and Collier",shopping_net,26,0,26,27.0,0.0,27.0,0.0007395824528846485,0.0007323758805871695
comercio_0304345686,comercio,fraud_Kerluke PLC,misc_net,29,0,29,30.0,0.0,30.0,0.0010170917378573422,0.0010215329868260518
comercio_1747572000,comercio,fraud_Dare-Gibson,health_fitness,23,0,23,23.0,0.0,23.0,0.0007779279524987241,0.0007715551359416816
comercio_2819127946,comercio,fraud_Balistreri-Nader,misc_pos,32,0,32,32.0,0.0,32.0,0.0009460431850068009,0.0009330819581620847
comercio_6251900559,comercio,"fraud_Welch, Rath and Koepp",entertainment,25,0,25,25.0,0.0,25.0,0.0008082358940590175,0.0007903325960433103
comercio_1718046381,comercio,fraud_Wuckert-Goldner,home,32,0,32,32.0,0.0,32.0,0.0008678727157949678,0.0008431742846038746
comercio_7623799419,comercio,fraud_Kling-Ernser,entertainment,22,0,22,22.0,0.0,22.0,0.0008669753003212612,0.0008539122133901938
comercio_9336256085,comercio,"fraud_Reichert, Shanahan and Hayes",shopping_net,41,0,41,43.0,0.0,43.0,0.0011721634234867122,0.00119865296031706
comercio_6954098238,comercio,fraud_Stiedemann Inc,misc_pos,35,0,35,35.0,0.0,35.0,0.0010186809039183077,0.0009946773092259437
comercio_0108369292,comercio,fraud_Beer-Jast,kids_pets,36,0,36,37.0,0.0,37.0,0.0009501361431833296,0.0009341681015385655
comercio_3751996569,comercio,"fraud_Schoen, Nienow and Bauch",personal_care,34,0,34,35.0,0.0,35.0,0.001009635806799122,0.001002641946534573
comercio_6214649205,comercio,fraud_Sawayn PLC,shopping_pos,40,0,40,42.0,0.0,42.0,0.0010269945481315404,0.0010283713478553376
comercio_5322464771,comercio,fraud_Bogisich-Weimann,kids_pets,30,0,30,30.0,0.0,30.0,0.001019963827367163,0.000995698618686805
comercio_6996615544,comercio,"fraud_Yost, Block and Koepp",misc_pos,28,0,28,29.0,0.0,29.0,0.000993207001705015,0.0009769010689589192
comercio_5479473301,comercio,fraud_Doyle Ltd,grocery_pos,41,0,41,43.0,0.0,43.0,0.0009480485112908828,0.0009808050059890647
comercio_0149408610,comercio,fraud_Gaylord-Powlowski,home,36,0,36,37.0,0.0,37.0,0.0009734753916848431,0.0009903180475437918
comercio_0946981146,comercio,fraud_Dibbert and Sons,entertainment,19,0,19,20.0,0.0,20.0,0.0007983691569034261,0.0007734285547222452
comercio_3541069330,comercio,fraud_Bednar Inc,travel,11,0,11,11.0,0.0,11.0,0.000569340310969428,0.0005552183459671704
comercio_4628744085,comercio,"fraud_Brown, Homenick and Lesch",health_fitness,22,0,22,22.0,0.0,22.0,0.000799733201739078,0.000794645946665702
comercio_6530024487,comercio,"fraud_Lang, Towne and Schuppe",kids_pets,42,0,42,43.0,0.0,43.0,0.0011205973218509694,0.0011009058665051804
comercio_4744000769,comercio,fraud_Kunze Inc,grocery_pos,48,0,48,50.0,0.0,50.0,0.0011054421838213768,0.0011671710207239341
comercio_7666849979,comercio,fraud_Baumbach Ltd,personal_care,27,0,27,27.0,0.0,27.0,0.0008233888651080963,0.0008156355470617056
comercio_4707299272,comercio,fraud_Schimmel-Olson,kids_pets,41,0,41,41.0,0.0,41.0,0.0010458235636320542,0.0010221287884845417
comercio_1087316882,comercio,fraud_Schmeler-Howe,personal_care,23,0,23,23.0,0.0,23.0,0.0007424528551288865,0.0007255814469127656
comercio_8671034213,comercio,fraud_Nader-Maggio,personal_care,18,0,18,18.0,0.0,18.0,0.0006920503868647139,0.0006805664753138955
comercio_6955111089,comercio,fraud_Conroy-Emard,food_dining,30,0,30,32.0,0.0,32.0,0.0009103092336015918,0.0009023313045735805
comercio_7433306022,comercio,fraud_Hoppe-Parisian,kids_pets,30,0,30,30.0,0.0,30.0,0.000978428676971157,0.0009815680207454754
comercio_7652919142,comercio,fraud_Rolfson-Kunde,personal_care,28,0,28,30.0,0.0,30.0,0.001013459104673191,0.0010193582061075583
comercio_3566923394,comercio,fraud_Ledner-Pfannerstill,gas_transport,46,0,46,47.0,0.0,47.0,0.0010806250247204518,0.001068060650719258
comercio_0015112241,comercio,fraud_Denesik and Sons,shopping_pos,29,0,29,31.0,0.0,31.0,0.0008219147065386805,0.000832680493709189
comercio_1777506388,comercio,fraud_Abbott-Steuber,personal_care,28,0,28,28.0,0.0,28.0,0.0008516785702460726,0.0008569479208991375
comercio_3744261370,comercio,"fraud_Zemlak, Tillman and Cremin",personal_care,26,0,26,26.0,0.0,26.0,0.0008069338230789377,0.0007982343507477862
comercio_2027422162,comercio,"fraud_Roberts, Daniel and Macejkovic",kids_pets,26,0,26,27.0,0.0,27.0,0.0008338310906665916,0.0008238321683556815
comercio_0863647370,comercio,"fraud_Stroman, Hudson and Erdman",gas_transport,46,0,46,46.0,0.0,46.0,0.0012134881223029221,0.0012068329052635838
comercio_0359308500,comercio,fraud_Hammes-Beatty,kids_pets,30,0,30,34.0,0.0,34.0,0.0012528520371622085,0.001254872274974433
comercio_0005320926,comercio,"fraud_Rippin, Kub and Mann",misc_net,26,0,26,29.0,0.0,29.0,0.0009554486110964974,0.0009758129040559675
comercio_4540706228,comercio,fraud_Bogisich Inc,grocery_pos,37,0,37,38.0,0.0,38.0,0.001055201090682584,0.001087993805283973
comercio_7885828428,comercio,fraud_Bartoletti-Wunsch,gas_transport,38,0,38,38.0,0.0,38.0,0.0010761036963810272,0.0010487113500951939
comercio_6313914208,comercio,fraud_Kautzer and Sons,personal_care,19,0,19,20.0,0.0,20.0,0.0007721124489426267,0.0007614743334755832
comercio_6010514161,comercio,"fraud_Kutch, Hermiston and Farrell",gas_transport,36,0,36,36.0,0.0,36.0,0.0009693412522072891,0.0009452010076459748
comercio_7705467519,comercio,fraud_Pacocha-Bauch,shopping_pos,30,0,30,31.0,0.0,31.0,0.0008556459312194376,0.000875896558802976
comercio_7381200746,comercio,fraud_Ziemann-Waters,health_fitness,30,0,30,30.0,0.0,30.0,0.0009509730442869457,0.0009476904943222791
comercio_9983779311,comercio,fraud_Huels-Hahn,gas_transport,43,0,43,43.0,0.0,43.0,0.0011586726699842605,0.0011435407632483523
comercio_6976411625,comercio,fraud_Stoltenberg-Beatty,shopping_pos,43,0,43,44.0,0.0,44.0,0.0010008508814671189,0.0010002943459704813
comercio_3313212754,comercio,fraud_Prohaska-Murray,gas_transport,37,0,37,37.0,0.0,37.0,0.0010950361157226393,0.0010817588136311429
comercio_2296543902,comercio,"fraud_Lockman, West and Runte",grocery_pos,34,0,34,34.0,0.0,34.0,0.0010767116442397101,0.0011061692057165642
comercio_8332772526,comercio,"fraud_Larkin, Stracke and Greenfelder",entertainment,31,0,31,31.0,0.0,31.0,0.0009767997882248083,0.0009601028088769277
comercio_2480913859,comercio,"fraud_Kohler, Lindgren and Koelpin",grocery_net,15,0,15,15.0,0.0,15.0,0.0005693810390288183,0.000569674389583401
comercio_7421517730,comercio,fraud_Klocko LLC,misc_net,27,0,27,27.0,0.0,27.0,0.0008444259339141813,0.0008883369700787161
comercio_4821266538,comercio,fraud_Kling Inc,gas_transport,38,0,38,39.0,0.0,39.0,0.0009507805310855563,0.0009492194831221849
comercio_6481496376,comercio,fraud_Huel-Langworth,misc_net,23,0,23,24.0,0.0,24.0,0.0007714062648298593,0.0007797821234632604
comercio_4135203853,comercio,"fraud_Huel, Hammes and Witting",grocery_pos,45,0,45,47.0,0.0,47.0,0.001224163689270015,0.001273143137228775
comercio_7304847444,comercio,fraud_Wilkinson Ltd,entertainment,35,0,35,36.0,0.0,36.0,0.0010436446670913362,0.0010629956389587244
comercio_5055690287,comercio,fraud_Mohr-Bayer,shopping_net,43,0,43,44.0,0.0,44.0,0.0011109854477455467,0.0011541729354725882
comercio_0821622800,comercio,fraud_Kilback Group,food_dining,32,0,32,32.0,0.0,32.0,0.0007950965346189958,0.0007903675213741729
comercio_0507693385,comercio,fraud_Hamill-Daugherty,misc_net,20,0,20,20.0,0.0,20.0,0.0006662940254782589,0.0006544121772298347
comercio_2646418449,comercio,"fraud_Greenholt, Jacobi and Gleason",gas_transport,45,0,45,46.0,0.0,46.0,0.001131716611488408,0.0011266681660070522
comercio_3407721388,comercio,fraud_Durgan-Auer,misc_net,30,0,30,30.0,0.0,30.0,0.0009980931867115917,0.0010185492400079186
comercio_8214479878,comercio,"fraud_Hermiston, Pacocha and Smith",health_fitness,26,0,26,26.0,0.0,26.0,0.0007692427582798665,0.0007530838978623359
comercio_2325995983,comercio,fraud_Hamill-D'Amore,health_fitness,32,0,32,34.0,0.0,34.0,0.0009596306033473598,0.0009535651587118372
comercio_1531219819,comercio,fraud_Heller PLC,health_fitness,20,0,20,20.0,0.0,20.0,0.0006306843959799892,0.0006238946508370392
comercio_7921060620,comercio,fraud_Cole PLC,grocery_pos,45,0,45,46.0,0.0,46.0,0.0010419332405130347,0.001097701869681305
comercio_0347539912,comercio,fraud_Torp-Labadie,gas_transport,37,0,37,38.0,0.0,38.0,0.0009559611828398657,0.0009409826854404249
comercio_3411897755,comercio,fraud_Dickinson Ltd,personal_care,58,0,58,60.0,0.0,60.0,0.0012964287501481826,0.0012748259132865833
comercio_8990226279,comercio,fraud_Medhurst PLC,shopping_net,39,0,39,40.0,0.0,40.0,0.0010513987073535493,0.0011246471508240235
comercio_9361258045,comercio,fraud_Daugherty-Thompson,food_dining,32,0,32,34.0,0.0,34.0,0.0008833939974895986,0.0008784702845729445
comercio_6554756968,comercio,fraud_Kutch-Ferry,home,36,0,36,36.0,0.0,36.0,0.0012164541475323002,0.0011927808754967895
comercio_6440168825,comercio,"fraud_Parker, Nolan and Trantow",entertainment,33,0,33,34.0,0.0,34.0,0.0008928160958432816,0.0008755670232320745
comercio_5566579789,comercio,"fraud_Schiller, Blanda and Johnson",home,31,0,31,32.0,0.0,32.0,0.0009967049338159549,0.0010076948836146725
comercio_9729110723,comercio,"fraud_Zboncak, Rowe and Murazik",shopping_net,35,0,35,35.0,0.0,35.0,0.0009015578865198741,0.0009230863212192847
comercio_1192791818,comercio,fraud_Boyer PLC,misc_pos,71,0,71,75.0,0.0,75.0,0.0017161652798706015,0.0017502200724853901
comercio_8163863225,comercio,fraud_Roob-Okuneva,health_fitness,26,0,26,26.0,0.0,26.0,0.0009592676798785063,0.0009522903634805681
comercio_1382316048,comercio,fraud_Dach-Borer,grocery_net,18,0,18,18.0,0.0,18.0,0.0006566169141617207,0.0006478749077618418
comercio_2398902729,comercio,"fraud_Raynor, Reinger and Hagenes",gas_transport,52,0,52,52.0,0.0,52.0,0.0012204231329063786,0.001194142080766471
comercio_4282764214,comercio,"fraud_Terry, Johns and Bins",misc_pos,28,0,28,28.0,0.0,28.0,0.0008055803268080981,0.0007980239489872099
comercio_0615606470,comercio,fraud_O'Connell-Ullrich,home,38,0,38,39.0,0.0,39.0,0.0010444361006581506,0.0010088093026084665
comercio_5740933888,comercio,"fraud_Lesch, D'Amore and Brown",food_dining,21,0,21,21.0,0.0,21.0,0.0006670743447074837,0.0006694500247747814
comercio_3868503767,comercio,fraud_Goyette-Herzog,travel,17,0,17,18.0,0.0,18.0,0.000704261421295973,0.000691982042764324
comercio_7023444721,comercio,fraud_Monahan-Morar,personal_care,23,0,23,23.0,0.0,23.0,0.000826282077722109,0.0008155805332828885
comercio_9960065456,comercio,fraud_Pollich LLC,home,32,0,32,33.0,0.0,33.0,0.0010031202693211003,0.0009763568804080742
comercio_4451395857,comercio,"fraud_Bahringer, Schoen and Corkery",shopping_pos,35,0,35,35.0,0.0,35.0,0.0009799558992330112,0.0009883800972059903
comercio_7930361483,comercio,fraud_Fisher Inc,shopping_net,29,0,29,29.0,0.0,29.0,0.000889129029252368,0.0009155886115484844
comercio_9567261231,comercio,"fraud_Hauck, Dietrich and Funk",kids_pets,25,0,25,27.0,0.0,27.0,0.0007769531136569669,0.0007568999649780792
comercio_8259877896,comercio,fraud_Johnston-Casper,travel,16,0,16,17.0,0.0,17.0,0.0006279354696877733,0.000617733502034691
comercio_9665117949,comercio,"fraud_Turcotte, Batz and Buckridge",health_fitness,20,0,20,20.0,0.0,20.0,0.0008057381343516049,0.0008042570240153182
comercio_7642858379,comercio,"fraud_Rohan, White and Aufderhar",misc_net,18,0,18,18.0,0.0,18.0,0.0006266431569619089,0.0006405754257233331
comercio_8090876804,comercio,"fraud_Hintz, Bauch and Smith",health_fitness,27,0,27,27.0,0.0,27.0,0.0008898431182450887,0.0008761131066624895
comercio_0750551814,comercio,"fraud_Conroy, Balistreri and Gorczany",health_fitness,25,0,25,25.0,0.0,25.0,0.0007715467439163765,0.0007632782040326253
comercio_2556546172,comercio,fraud_Kihn-Schuster,food_dining,23,0,23,24.0,0.0,24.0,0.0007620216037276939,0.0007568658229275738
comercio_9260210112,comercio,fraud_Fritsch and Sons,health_fitness,26,0,26,27.0,0.0,27.0,0.000817562556256079,0.0008086761016485135
comercio_7072125670,comercio,fraud_Schoen-Quigley,kids_pets,35,0,35,36.0,0.0,36.0,0.000903433250002191,0.0008780873878271923
comercio_4941065148,comercio,fraud_Kunde-Sanford,misc_net,23,0,23,23.0,0.0,23.0,0.000756963854616649,0.0007505426480310143
comercio_5159285985,comercio,"fraud_Romaguera, Wehner and Tromp",kids_pets,44,0,44,44.0,0.0,44.0,0.0011526299930972924,0.0011415126935636107
comercio_9444132290,comercio,"fraud_Konopelski, Schneider and Hartmann",food_dining,26,0,26,27.0,0.0,27.0,0.0007961990851570815,0.0007888759826441109
comercio_1784063743,comercio,"fraud_Heathcote, Yost and Kertzmann",shopping_net,44,0,44,46.0,0.0,46.0,0.0011338769382727653,0.0012133915988246206
comercio_2973625599,comercio,fraud_Fahey Inc,kids_pets,25,0,25,25.0,0.0,25.0,0.000882358887961878,0.0008743353405976374
comercio_2313046033,comercio,fraud_Reilly and Sons,health_fitness,30,0,30,32.0,0.0,32.0,0.0008259680566148728,0.0008050620410532798
comercio_8194037418,comercio,"fraud_Hagenes, Kohler and Hoppe",food_dining,45,0,45,46.0,0.0,46.0,0.0011230006491069766,0.0011272718864381017
comercio_6010135032,comercio,fraud_Powlowski-Weimann,food_dining,24,0,24,25.0,0.0,25.0,0.0008369573999957077,0.0008234209619746533
comercio_6973132966,comercio,"fraud_Kling, Howe and Schneider",home,27,0,27,28.0,0.0,28.0,0.0007668004345623393,0.0007481116398987072
comercio_8361834940,comercio,fraud_Hintz-Bruen,grocery_net,19,0,19,19.0,0.0,19.0,0.0006988245508214305,0.0006893826550127142
comercio_7881759605,comercio,fraud_Torp-Lemke,misc_pos,27,0,27,28.0,0.0,28.0,0.0007970261172065153,0.0007913629174108672
comercio_2348127662,comercio,fraud_Schulist Ltd,food_dining,23,0,23,24.0,0.0,24.0,0.0008498164114768195,0.0008319555392714417
comercio_8339076591,comercio,fraud_Nader-Heller,misc_net,29,0,29,30.0,0.0,30.0,0.0008029510263829323,0.0008303532733488266
comercio_7489054155,comercio,"fraud_Streich, Dietrich and Barton",shopping_net,33,0,33,34.0,0.0,34.0,0.0008946309421695169,0.0009198313334277267
comercio_9725665267,comercio,"fraud_Ferry, Lynch and Kautzer",misc_net,19,0,19,19.0,0.0,19.0,0.0007423363563752287,0.000781909871323689
comercio_7852269111,comercio,fraud_Watsica LLC,personal_care,22,0,22,22.0,0.0,22.0,0.0007242492036533943,0.0007155810727385046
comercio_4510167191,comercio,fraud_Weber and Sons,food_dining,29,0,29,29.0,0.0,29.0,0.0008327105314201113,0.0008177343277490857
comercio_5334149348,comercio,"fraud_Torp, Muller and Borer",health_fitness,27,0,27,27.0,0.0,27.0,0.0009107981389591416,0.0009040185357890746
comercio_2548712848,comercio,fraud_Kilback LLC,food_dining,70,0,70,72.0,0.0,72.0,0.001530522796690903,0.0015816932912436836
comercio_0516515132,comercio,fraud_Emmerich-Rau,personal_care,30,0,30,30.0,0.0,30.0,0.0008593339666370653,0.0008538211820441447
comercio_1182060483,comercio,"fraud_Nicolas, Hills and McGlynn",entertainment,19,0,19,19.0,0.0,19.0,0.0007022530343905041,0.0006810358836497242
comercio_8515136128,comercio,fraud_Bogisich-Homenick,misc_net,25,0,25,25.0,0.0,25.0,0.0008617356452819046,0.000910046561200614
comercio_0112114344,comercio,"fraud_Kihn, Abernathy and Douglas",shopping_net,43,0,43,44.0,0.0,44.0,0.0011197376889150667,0.0011804527795655907
comercio_4465036121,comercio,fraud_Dooley-Thompson,misc_net,25,0,25,25.0,0.0,25.0,0.0007851089342608019,0.0008111150486004798
comercio_5210768089,comercio,"fraud_Ferry, Reichel and DuBuque",grocery_net,16,0,16,16.0,0.0,16.0,0.0006761609582752174,0.0006818481633497678
comercio_5909645402,comercio,fraud_Graham and Sons,health_fitness,23,0,23,23.0,0.0,23.0,0.0008903215001057798,0.0008772999770524488
comercio_3988783008,comercio,"fraud_Moen, Reinger and Murphy",grocery_pos,41,0,41,42.0,0.0,42.0,0.001047129406972899,0.0010889068198104395
comercio_8675755465,comercio,"fraud_Denesik, Powlowski and Pouros",home,39,0,39,39.0,0.0,39.0,0.0010035503198097036,0.0009751752287841421
comercio_3597790109,comercio,fraud_Crona and Sons,kids_pets,30,0,30,30.0,0.0,30.0,0.0010830830099211606,0.0010632915118646221
comercio_0058083078,comercio,fraud_Torphy-Goyette,shopping_pos,38,0,38,39.0,0.0,39.0,0.0011233374203482782,0.001140331213069075
comercio_7191810844,comercio,fraud_Feil-Morar,health_fitness,21,0,21,21.0,0.0,21.0,0.0007816384046079057,0.0007655305094636845
comercio_3165176574,comercio,fraud_Bradtke PLC,grocery_pos,41,0,41,42.0,0.0,42.0,0.001034526094423913,0.0010476776865374392
comercio_0013312390,comercio,"fraud_Turner, Ruecker and Parisian",misc_pos,30,0,30,31.0,0.0,31.0,0.0009699070415080594,0.000963296486366678
comercio_0095118024,comercio,fraud_Marks Inc,gas_transport,40,0,40,41.0,0.0,41.0,0.0010859704958913867,0.0010668544661031104
comercio_4073601495,comercio,"fraud_Langworth, Boehm and Gulgowski",shopping_net,42,0,42,42.0,0.0,42.0,0.001054500396627401,0.0011219955982199803
comercio_7725921774,comercio,fraud_McKenzie-Huels,food_dining,19,0,19,19.0,0.0,19.0,0.0007963439487222827,0.0007836624932218452
comercio_2525700088,comercio,"fraud_Becker, Harris and Harvey",personal_care,26,0,26,27.0,0.0,27.0,0.0007740649458949175,0.0007639844389575824
comercio_3231438315,comercio,fraud_Wilkinson LLC,personal_care,32,0,32,33.0,0.0,33.0,0.0008894886110131843,0.0008704514661623184
comercio_6987664440,comercio,"fraud_Schumm, McLaughlin and Carter",food_dining,29,0,29,29.0,0.0,29.0,0.0010080333710158881,0.0010068729049455961
comercio_3498589571,comercio,fraud_Keeling-Crist,misc_pos,13,0,13,13.0,0.0,13.0,0.0005732788982874082,0.0005780657257111828
comercio_5471053115,comercio,fraud_Price Inc,shopping_net,29,0,29,29.0,0.0,29.0,0.0008741156287520695,0.0009005335833899402
comercio_8330285299,comercio,"fraud_Swaniawski, Nitzsche and Welch",health_fitness,25,0,25,25.0,0.0,25.0,0.0007650916785520363,0.0007593029395004119
comercio_2201652395,comercio,fraud_Auer LLC,personal_care,32,0,32,32.0,0.0,32.0,0.0009822641442817528,0.0009581623874736918
comercio_6225502014,comercio,fraud_Pacocha-Weissnat,kids_pets,34,0,34,34.0,0.0,34.0,0.0010364117294314773,0.0010321945880632456
comercio_9845170512,comercio,"fraud_Schultz, Simonis and Little",grocery_pos,43,0,43,45.0,0.0,45.0,0.0010452751967029387,0.001112109342392728
comercio_3263773967,comercio,fraud_Heller-Langosh,gas_transport,40,0,40,42.0,0.0,42.0,0.0010906630790360303,0.0010615269247254103
comercio_7958136055,comercio,fraud_Block Group,misc_pos,26,0,26,27.0,0.0,27.0,0.0007945314881320188,0.0007920381289168702
comercio_2981829014,comercio,fraud_Conroy Ltd,shopping_pos,31,0,31,32.0,0.0,32.0,0.000839177837060955,0.000837633869158618
comercio_1135810253,comercio,"fraud_Yost, Schamberger and Windler",kids_pets,36,0,36,37.0,0.0,37.0,0.0010765387835645914,0.0010544384096880736
comercio_7429174598,comercio,fraud_Satterfield-Lowe,travel,11,0,11,11.0,0.0,11.0,0.0005576891178435398,0.0005501450234657493
comercio_5577951848,comercio,fraud_Schuppe-Schuppe,food_dining,24,0,24,24.0,0.0,24.0,0.0008118857260228659,0.0007911925053328132
comercio_5487941484,comercio,"fraud_Durgan, Gislason and Spencer",home,49,0,49,49.0,0.0,49.0,0.0011179100140613746,0.001094388220911892
comercio_8130370749,comercio,"fraud_Hoppe, Harris and Bednar",entertainment,43,0,43,45.0,0.0,45.0,0.0010557962855396394,0.0010525561155411295
comercio_8755001233,comercio,fraud_Turner and Sons,shopping_pos,43,0,43,45.0,0.0,45.0,0.0010995259006148133,0.0011219061924321056
comercio_1326043979,comercio,fraud_Bahringer-Streich,food_dining,28,0,28,29.0,0.0,29.0,0.000853166226440121,0.0008326868834114091
comercio_1217607498,comercio,fraud_Brown Inc,kids_pets,39,0,39,39.0,0.0,39.0,0.001116703448966174,0.0011174160126794098
comercio_6753265829,comercio,fraud_Hackett-Lueilwitz,grocery_pos,42,0,42,42.0,0.0,42.0,0.0010570705511433137,0.001084982581351144
comercio_1248562808,comercio,fraud_Lubowitz-Walter,kids_pets,38,0,38,38.0,0.0,38.0,0.0011625410889533959,0.0011466641775379083
comercio_4991863470,comercio,fraud_Volkman Ltd,misc_net,22,0,22,24.0,0.0,24.0,0.0007192391588242998,0.0007562211768290881
comercio_1094632157,comercio,fraud_Ernser-Feest,home,32,0,32,33.0,0.0,33.0,0.0009070142690588244,0.00088828832060732
comercio_1249424285,comercio,fraud_Schroeder Group,health_fitness,21,0,21,21.0,0.0,21.0,0.0007267014663393965,0.0007240981861172156
comercio_6501627724,comercio,"fraud_Turner, Ziemann and Lehner",food_dining,41,0,41,43.0,0.0,43.0,0.0009935568816865378,0.0009813574169235551
comercio_7590566346,comercio,fraud_Heaney-Marquardt,entertainment,27,0,27,27.0,0.0,27.0,0.0007815393559019982,0.0007849545712546991
comercio_8667104931,comercio,fraud_Kerluke Inc,misc_net,18,0,18,18.0,0.0,18.0,0.0006694898890597598,0.0007014219758783941
comercio_5956068551,comercio,"fraud_Bernier, Streich and Jewess",grocery_net,12,0,12,13.0,0.0,13.0,0.0005993559102119822,0.0005925569703031742
comercio_3081463251,comercio,fraud_Howe Ltd,misc_pos,27,0,27,27.0,0.0,27.0,0.0008240446059049519,0.0008078464947639477
comercio_8261572575,comercio,fraud_Miller-Hauck,grocery_pos,53,0,53,55.0,0.0,55.0,0.0013647969976151952,0.0014198145090849879
comercio_9810451743,comercio,"fraud_Rodriguez, Yost and Jenkins",misc_net,17,0,17,18.0,0.0,18.0,0.0007051698545305554,0.0007627120789445623
comercio_0678311647,comercio,fraud_Kling-Grant,grocery_net,13,0,13,13.0,0.0,13.0,0.0006086248959319404,0.0006059979674425596
comercio_8115905834,comercio,fraud_Herman Inc,misc_pos,25,0,25,25.0,0.0,25.0,0.000813391385691078,0.00079001566890562
comercio_6060481265,comercio,fraud_Zulauf LLC,personal_care,34,0,34,36.0,0.0,36.0,0.0008995987880864107,0.0008980438621443717
comercio_8356446913,comercio,fraud_Parker-Kunde,personal_care,31,0,31,31.0,0.0,31.0,0.0009039005522695612,0.0008916776705712316
comercio_5223174485,comercio,fraud_Halvorson Group,misc_pos,22,0,22,24.0,0.0,24.0,0.000752810151328993,0.0007433448682629578
comercio_0371607890,comercio,fraud_Gerhold LLC,home,32,0,32,32.0,0.0,32.0,0.0009067434093540308,0.0008757596976973464
comercio_5757399038,comercio,fraud_Schaefer Ltd,kids_pets,44,0,44,44.0,0.0,44.0,0.0012950642520105189,0.001287138549154355
comercio_8395219513,comercio,fraud_Luettgen PLC,gas_transport,52,0,52,53.0,0.0,53.0,0.0014025529680103941,0.0013727769271412744
comercio_6346447225,comercio,fraud_Kub PLC,personal_care,35,0,35,35.0,0.0,35.0,0.0010398410945715165,0.0010402998472627157
comercio_4158701689,comercio,"fraud_Lehner, Reichert and Mills",misc_pos,41,0,41,43.0,0.0,43.0,0.0010782547586301453,0.0010660605895905907
comercio_9024063425,comercio,"fraud_Boehm, Predovic and Reinger",misc_pos,30,0,30,31.0,0.0,31.0,0.0009847924122191071,0.000991001423551612
comercio_8206233978,comercio,fraud_Berge-Ullrich,home,31,0,31,32.0,0.0,32.0,0.0008551376844551787,0.0008472724775035632
comercio_8179848396,comercio,fraud_Kemmer-Buckridge,misc_pos,31,0,31,31.0,0.0,31.0,0.000900919886882682,0.0008970792682866807
comercio_7125343402,comercio,"fraud_Hayes, Marquardt and Dibbert",misc_net,19,0,19,19.0,0.0,19.0,0.0007770526590313756,0.0007678746712411818
comercio_5776852374,comercio,"fraud_McDermott, Osinski and Morar",home,31,0,31,33.0,0.0,33.0,0.0008822056877710992,0.0008617024684094019
comercio_1806633108,comercio,fraud_Dickinson-Rempel,misc_pos,27,0,27,27.0,0.0,27.0,0.00082897533157391,0.0008179356757785592
comercio_5444208061,comercio,fraud_Streich Ltd,home,26,0,26,27.0,0.0,27.0,0.0008104910666968616,0.0007983628621705082
comercio_4478555580,comercio,fraud_Kassulke Inc,entertainment,32,0,32,32.0,0.0,32.0,0.0008874995014528866,0.0008791474320618165
comercio_2677236854,comercio,"fraud_Wintheiser, Dietrich and Schimmel",misc_pos,29,0,29,31.0,0.0,31.0,0.000886015503392518,0.000875533508550239
comercio_9792724613,comercio,fraud_Windler LLC,kids_pets,31,0,31,32.0,0.0,32.0,0.0009003028857312883,0.0008841146344298947
comercio_1741567283,comercio,fraud_Reichel LLC,personal_care,33,0,33,33.0,0.0,33.0,0.0008897992956518384,0.0008816291934589692
comercio_7378105238,comercio,fraud_Jakubowski Group,food_dining,29,0,29,29.0,0.0,29.0,0.0008521712306259596,0.0008397240147713495
comercio_2117657364,comercio,fraud_Romaguera and Sons,travel,17,0,17,17.0,0.0,17.0,0.0006987360193141827,0.0006882075945920535
comercio_5291925939,comercio,fraud_Dibbert-Green,entertainment,29,0,29,29.0,0.0,29.0,0.0008514522863884412,0.0008354480546965537
comercio_6163930801,comercio,fraud_Ratke and Sons,health_fitness,26,0,26,28.0,0.0,28.0,0.0007652426903684884,0.0007567152068568287
comercio_3140468656,comercio,fraud_Lynch-Wisozk,home,40,0,40,43.0,0.0,43.0,0.0010641541407372956,0.001035798912877249
comercio_8556309105,comercio,fraud_Wuckert-Walter,grocery_net,17,0,17,17.0,0.0,17.0,0.0006638077368589223,0.0006504699967750058
comercio_8209900302,comercio,fraud_Heathcote LLC,shopping_net,35,0,35,37.0,0.0,37.0,0.0010091990290725477,0.0010813665741301005
comercio_9653636303,comercio,"fraud_Koss, McLaughlin and Mayer",food_dining,31,0,31,31.0,0.0,31.0,0.0009300668005509296,0.0009197632256151841
comercio_9707286728,comercio,"fraud_Cormier, Stracke and Thiel",entertainment,27,0,27,29.0,0.0,29.0,0.0008512457765133975,0.000857433033619229
comercio_2463936820,comercio,fraud_Gleason-Macejkovic,shopping_net,34,0,34,35.0,0.0,35.0,0.0009827158890289072,0.0010214759163400238
comercio_7976243861,comercio,fraud_Murray Ltd,grocery_net,17,0,17,17.0,0.0,17.0,0.0007909300452116763,0.0007911172633438177
comercio_2022059886,comercio,fraud_Jacobi and Sons,shopping_pos,44,0,44,45.0,0.0,45.0,0.001158248653676599,0.0011738739655284204
comercio_8060676239,comercio,fraud_Thiel Ltd,travel,11,0,11,11.0,0.0,11.0,0.0005529802028422661,0.0005505056570561744
comercio_1717423236,comercio,fraud_Jaskolski-Vandervort,misc_net,18,0,18,18.0,0.0,18.0,0.0006640338509837622,0.000687771736555946
comercio_9359225546,comercio,"fraud_Hettinger, McCullough and Fay",home,34,0,34,34.0,0.0,34.0,0.0009829491889762948,0.0009752035363705605
comercio_5631377447,comercio,fraud_Frami Group,entertainment,19,0,19,19.0,0.0,19.0,0.0007234881855937772,0.0007196658697043349
comercio_8551054777,comercio,fraud_Stamm-Witting,shopping_net,33,0,33,35.0,0.0,35.0,0.0009295477673675821,0.0009832446807366902
comercio_6682658236,comercio,fraud_Dach-Nader,misc_net,27,0,27,27.0,0.0,27.0,0.0008214918349518741,0.0008221163769895192
comercio_2235953546,comercio,fraud_Ruecker Group,misc_net,17,0,17,18.0,0.0,18.0,0.0007047147446282049,0.0007221321842459179
comercio_8446836705,comercio,fraud_Daugherty LLC,kids_pets,37,0,37,38.0,0.0,38.0,0.0010696250409128198,0.0010483911407072875
comercio_3452530885,comercio,fraud_Johns Inc,entertainment,30,0,30,30.0,0.0,30.0,0.0008874308374746782,0.0008686390904729166
comercio_4759443744,comercio,fraud_Kessler Group,travel,10,0,10,10.0,0.0,10.0,0.0005429135541921891,0.0005508376354516529
comercio_4429710999,comercio,fraud_Larkin Ltd,kids_pets,31,0,31,32.0,0.0,32.0,0.0008061514450819347,0.0007918216492683012
comercio_3303065340,comercio,fraud_Ankunding LLC,shopping_net,28,0,28,29.0,0.0,29.0,0.000882334215571988,0.0009034744950577885
comercio_8287634528,comercio,"fraud_Quitzon, Green and Bashirian",shopping_pos,34,0,34,35.0,0.0,35.0,0.000855322592153389,0.000869275007026613
comercio_7033333672,comercio,fraud_Kub-Heaney,health_fitness,29,0,29,29.0,0.0,29.0,0.001058123305047848,0.0010459448142194085
comercio_2085102849,comercio,fraud_Botsford PLC,home,38,0,38,38.0,0.0,38.0,0.0009475272271270093,0.0009276125699377335
comercio_6232902119,comercio,"fraud_Hahn, Douglas and Schowalter",travel,20,0,20,20.0,0.0,20.0,0.0007414174881089395,0.0007326929638523543
comercio_6223141723,comercio,fraud_Yost-Rogahn,personal_care,24,0,24,26.0,0.0,26.0,0.0008176583952567896,0.0007887013221075006
comercio_7929304427,comercio,"fraud_Parisian, Schiller and Altenwerth",misc_net,25,0,25,25.0,0.0,25.0,0.0009417997319574635,0.0009689944366359232
comercio_8073217613,comercio,fraud_Welch Inc,misc_net,21,0,21,22.0,0.0,22.0,0.0007553195165679637,0.0007609645687829565
comercio_2156320485,comercio,"fraud_Labadie, Treutel and Bode",shopping_net,33,0,33,33.0,0.0,33.0,0.0009386548265527799,0.0009816229543043388
comercio_2224281926,comercio,fraud_Thompson-Gleason,health_fitness,31,0,31,32.0,0.0,32.0,0.0009777068782291624,0.000970200954399619
comercio_1869089167,comercio,fraud_Bechtelar-Rippin,food_dining,30,0,30,30.0,0.0,30.0,0.0008795770649167281,0.0008500782030005095
comercio_9796682105,comercio,"fraud_Bernier, Volkman and Hoeger",misc_net,18,0,18,19.0,0.0,19.0,0.0007760311301082085,0.000811338675281147
comercio_9908565685,comercio,fraud_Bode-Schuster,kids_pets,29,0,29,29.0,0.0,29.0,0.0008102875931866516,0.0008017758677228101
comercio_5176541543,comercio,fraud_Waters-Cruickshank,health_fitness,25,0,25,28.0,0.0,28.0,0.0007404814020905211,0.000729181786733845
comercio_9010848058,comercio,"fraud_Moore, Dibbert and Koepp",misc_net,26,0,26,27.0,0.0,27.0,0.0008908545820302323,0.0009157905175452815
comercio_1274828195,comercio,fraud_Dicki Ltd,grocery_net,22,0,22,24.0,0.0,24.0,0.0007351911605732618,0.0007255075892969713
comercio_8703508112,comercio,"fraud_Gottlieb, Considine and Schultz",shopping_net,34,0,34,36.0,0.0,36.0,0.0010032589175599526,0.001034171129401002
comercio_9397372880,comercio,fraud_Koepp-Witting,grocery_pos,34,0,34,37.0,0.0,37.0,0.0008677905148887205,0.0009093783620061416
comercio_7743232294,comercio,"fraud_Hahn, Bahringer and McLaughlin",personal_care,18,0,18,18.0,0.0,18.0,0.0007775729798218164,0.0007659763396092058
comercio_5597012165,comercio,"fraud_Cronin, Kshlerin and Weber",health_fitness,24,0,24,24.0,0.0,24.0,0.0007896792819464089,0.0007769833598037909
comercio_1478809149,comercio,fraud_Kihn-Fritsch,food_dining,28,0,28,29.0,0.0,29.0,0.0008082191429129076,0.0007965832519882978
comercio_8711356681,comercio,fraud_Torphy-Kertzmann,health_fitness,23,0,23,24.0,0.0,24.0,0.0007974850706579259,0.0007871442033153234
comercio_6934713119,comercio,fraud_Pouros-Haag,shopping_pos,42,0,42,44.0,0.0,44.0,0.0011081880981559553,0.0011215564953041056
comercio_9679147648,comercio,fraud_Schmeler Inc,misc_pos,16,0,16,16.0,0.0,16.0,0.0007849832603361978,0.0007884861090836161
comercio_4416256884,comercio,fraud_Hyatt-Blick,travel,13,0,13,13.0,0.0,13.0,0.0005803385199343266,0.0005795338098349397
comercio_0768941686,comercio,"fraud_Gutmann, McLaughlin and Wiza",home,39,0,39,40.0,0.0,40.0,0.0011007150491845954,0.001087526217747371
comercio_7114691619,comercio,fraud_Osinski Inc,personal_care,44,0,44,45.0,0.0,45.0,0.0010769401377528208,0.0010536713195255624
comercio_5661533328,comercio,fraud_Bernhard-Lesch,food_dining,36,0,36,37.0,0.0,37.0,0.0009948214307266068,0.0009683392089156883
comercio_4693580805,comercio,fraud_Smitham-Boehm,grocery_net,16,0,16,17.0,0.0,17.0,0.0006297711510265627,0.0006251493885978793
comercio_1320872728,comercio,"fraud_Raynor, Feest and Miller",gas_transport,41,0,41,42.0,0.0,42.0,0.001074944417113405,0.0010365137594958837
comercio_5413763160,comercio,fraud_Smitham-Schiller,grocery_net,15,0,15,15.0,0.0,15.0,0.0006132693551825344,0.000609322329272632
comercio_6584952412,comercio,fraud_Bode-Rempel,kids_pets,49,0,49,53.0,0.0,53.0,0.0011130058263562708,0.0010829752677051921
comercio_9218003797,comercio,fraud_Wiegand-Lowe,grocery_net,12,0,12,12.0,0.0,12.0,0.0005822825488532717,0.0005796302695908295
comercio_2591184239,comercio,"fraud_Reichert, Huels and Hoppe",shopping_net,33,0,33,34.0,0.0,34.0,0.0008690765617842396,0.0009028652089948271
comercio_2899384816,comercio,"fraud_Kutch, Steuber and Gerhold",food_dining,20,0,20,21.0,0.0,21.0,0.0007638559893064982,0.0007609524785781596
comercio_5523866530,comercio,fraud_Leffler-Goldner,personal_care,37,0,37,37.0,0.0,37.0,0.0009974138489945393,0.0009975205516378777
comercio_2139610898,comercio,fraud_Emmerich-Luettgen,grocery_net,13,0,13,14.0,0.0,14.0,0.0005941784843591408,0.0005927429976576667
comercio_1743699208,comercio,fraud_Schmitt Inc,gas_transport,35,0,35,35.0,0.0,35.0,0.0009364033680314646,0.0009452953890943863
comercio_4996894889,comercio,fraud_Kris-Kertzmann,travel,12,0,12,12.0,0.0,12.0,0.000543357684520748,0.0005362305411140722
comercio_3415292876,comercio,"fraud_Towne, Walker and Borer",grocery_net,13,0,13,13.0,0.0,13.0,0.000585234687628514,0.0005858330788083664
comercio_8481657780,comercio,"fraud_Boehm, Block and Jakubowski",misc_pos,24,0,24,24.0,0.0,24.0,0.000821741106043112,0.0007983823785975405
comercio_1861923231,comercio,fraud_Abernathy and Sons,food_dining,27,0,27,27.0,0.0,27.0,0.000838691570615088,0.0008284826480225654
comercio_2325764593,comercio,fraud_Padberg-Rogahn,entertainment,21,0,21,22.0,0.0,22.0,0.0007177367890842596,0.0007052598444896294
comercio_5456449464,comercio,fraud_Jast Ltd,shopping_net,32,0,32,34.0,0.0,34.0,0.0008459389085206308,0.0008871169849536722
comercio_1092197715,comercio,"fraud_Eichmann, Hayes and Treutel",travel,17,0,17,17.0,0.0,17.0,0.0006508112064825248,0.0006480296130976982
comercio_4735535653,comercio,"fraud_Goldner, Kovacek and Abbott",grocery_pos,33,0,33,34.0,0.0,34.0,0.0009529138353970436,0.0009778381689507889
comercio_9398138783,comercio,fraud_Mosciski Group,travel,20,0,20,20.0,0.0,20.0,0.000750957221557283,0.0007388974640346425
comercio_9129709379,comercio,fraud_Shields-Wunsch,health_fitness,24,0,24,26.0,0.0,26.0,0.0008071111072982101,0.0007855541883910538
comercio_7152800950,comercio,fraud_Simonis-Prohaska,misc_pos,24,0,24,25.0,0.0,25.0,0.0007998883300882701,0.0007910570707692778
comercio_7368528869,comercio,fraud_Erdman-Kertzmann,gas_transport,48,0,48,49.0,0.0,49.0,0.0011059507491204721,0.0010964100149954167
comercio_2531500108,comercio,fraud_Stark-Koss,home,32,0,32,33.0,0.0,33.0,0.0009836727664202258,0.0009751686640014306
comercio_5325246243,comercio,fraud_Dietrich-Fadel,health_fitness,22,0,22,23.0,0.0,23.0,0.0007292859522025563,0.0007286473191020088
comercio_7623626713,comercio,fraud_Mayert Group,shopping_pos,37,0,37,37.0,0.0,37.0,0.0010429873955053058,0.0010449906689353851
comercio_3105338140,comercio,fraud_Sporer-Keebler,personal_care,29,0,29,30.0,0.0,30.0,0.0009217512102322129,0.00089820552528161
comercio_9281136691,comercio,fraud_Douglas-White,entertainment,32,0,32,32.0,0.0,32.0,0.0008567530373453821,0.0008412529831928741
comercio_6574886061,comercio,fraud_Schuppe LLC,entertainment,30,0,30,31.0,0.0,31.0,0.0010477563096263675,0.001031598204005246
comercio_3811132389,comercio,fraud_Pacocha-O'Reilly,grocery_pos,52,0,52,52.0,0.0,52.0,0.0013138345246259,0.0013476212229953776
comercio_5437444908,comercio,fraud_Kuhn Group,food_dining,21,0,21,22.0,0.0,22.0,0.0007150388112121039,0.000707042361751674
comercio_0180820055,comercio,fraud_Berge LLC,gas_transport,35,0,35,37.0,0.0,37.0,0.0009774927372208913,0.0009488863975139601
comercio_0799686475,comercio,fraud_Jast and Sons,food_dining,18,0,18,19.0,0.0,19.0,0.0007357688077293164,0.0007297223154507187
comercio_3131771934,comercio,fraud_Kessler Inc,travel,14,0,14,14.0,0.0,14.0,0.0005842622574651923,0.0005864074232786558
comercio_8259428705,comercio,"fraud_Bins, Balistreri and Beatty",shopping_pos,36,0,36,36.0,0.0,36.0,0.0011272926746409989,0.0011239448833230178
comercio_1609012810,comercio,fraud_Upton PLC,entertainment,24,0,24,24.0,0.0,24.0,0.000800055405879197,0.0007921415624733701
comercio_4806559634,comercio,fraud_Herzog Ltd,misc_pos,26,0,26,26.0,0.0,26.0,0.000827653708827644,0.0008224766678204419
comercio_8803327753,comercio,fraud_Goldner-Lemke,entertainment,22,0,22,23.0,0.0,23.0,0.0007895719567577479,0.0007768306597180696
comercio_1662842620,comercio,fraud_Zemlak Group,misc_net,26,0,26,26.0,0.0,26.0,0.0007767677764448469,0.0008024753791523628
comercio_3729897514,comercio,fraud_Beier LLC,entertainment,28,0,28,28.0,0.0,28.0,0.0011055611828444459,0.0011073659977198645
comercio_4883317232,comercio,"fraud_Witting, Beer and Ernser",home,34,0,34,35.0,0.0,35.0,0.0008629907512607733,0.0008453644513435306
comercio_4895922941,comercio,fraud_Dare-Marvin,entertainment,24,0,24,25.0,0.0,25.0,0.0007306035081375962,0.0007185742747126828
comercio_4485945820,comercio,"fraud_McLaughlin, Armstrong and Koepp",travel,12,0,12,12.0,0.0,12.0,0.0005554255621126072,0.0005438589872344392
comercio_3574880902,comercio,fraud_Ortiz Group,grocery_net,8,0,8,8.0,0.0,8.0,0.0005493001677690333,0.0005397705455300119
comercio_4588315370,comercio,fraud_Roob LLC,grocery_net,9,0,9,9.0,0.0,9.0,0.0005325736179671119,0.0005225567213597173
comercio_1708754579,comercio,"fraud_Lowe, Dietrich and Erdman",kids_pets,29,0,29,30.0,0.0,30.0,0.0008675131690291136,0.0008503493072699351
comercio_2062623818,comercio,fraud_Mante Group,misc_net,25,0,25,25.0,0.0,25.0,0.0007879804384635929,0.0008265704584124573
comercio_2908452556,comercio,"fraud_Schroeder, Hauck and Treutel",entertainment,24,0,24,27.0,0.0,27.0,0.0008496503146984489,0.0008517688187886314
comercio_5160774717,comercio,fraud_Kuphal-Toy,food_dining,30,0,30,30.0,0.0,30.0,0.0009187360717065876,0.0009075125784884523
comercio_9327612841,comercio,"fraud_Berge, Kautzer and Harris",personal_care,32,0,32,34.0,0.0,34.0,0.0008849414384821902,0.0008729072689306106
comercio_1660454592,comercio,fraud_Lesch Ltd,shopping_pos,33,0,33,33.0,0.0,33.0,0.0009241211182431524,0.0009137345106139231
comercio_9675729211,comercio,"fraud_Ledner, Hartmann and Feest",health_fitness,19,0,19,19.0,0.0,19.0,0.0007540684667591269,0.0007574301520419923
comercio_0066104500,comercio,"fraud_Lubowitz, Terry and Stracke",personal_care,29,0,29,29.0,0.0,29.0,0.0008586908378843062,0.0008432967473754665
comercio_6330772215,comercio,fraud_Williamson LLC,misc_pos,18,0,18,19.0,0.0,19.0,0.0007184225149925678,0.0007079458192734194
comercio_7982045266,comercio,fraud_Skiles-Ankunding,grocery_net,14,0,14,14.0,0.0,14.0,0.0006093668134264735,0.0006064384169349054
comercio_3384366204,comercio,fraud_Mohr Inc,shopping_pos,22,0,22,24.0,0.0,24.0,0.0008009168997204204,0.0008177470114305207
comercio_9450554997,comercio,fraud_Kemmer-Reinger,grocery_net,16,0,16,16.0,0.0,16.0,0.0006207225776448653,0.0006117393949613963
comercio_5752629158,comercio,fraud_Cummings Group,grocery_net,9,0,9,9.0,0.0,9.0,0.0006117716397704014,0.00061072389629726
comercio_3851370110,comercio,fraud_Romaguera Ltd,health_fitness,32,0,32,32.0,0.0,32.0,0.0008525773722256132,0.0008425649478544368
comercio_8921846845,comercio,"fraud_Daugherty, Pouros and Beahan",shopping_pos,41,0,41,43.0,0.0,43.0,0.0010032948937597527,0.001019725021204491
comercio_9127753572,comercio,"fraud_Effertz, Welch and Schowalter",entertainment,31,0,31,31.0,0.0,31.0,0.0008258393750588419,0.0008262018591051328
comercio_3354599619,comercio,fraud_Fritsch LLC,travel,18,0,18,19.0,0.0,19.0,0.0007146373685120731,0.0007130825806507026
comercio_2002899183,comercio,fraud_Carroll PLC,health_fitness,26,0,26,26.0,0.0,26.0,0.0008527258199638887,0.0008517584996912037
comercio_7233244884,comercio,fraud_Kertzmann LLC,health_fitness,21,0,21,21.0,0.0,21.0,0.0006833620216387936,0.0006695962136680193
comercio_2739547467,comercio,fraud_Bartoletti and Sons,personal_care,28,0,28,30.0,0.0,30.0,0.000821639828363785,0.000812435635550142
comercio_7738699648,comercio,fraud_Erdman-Durgan,health_fitness,20,0,20,20.0,0.0,20.0,0.0007319102900470661,0.0007271633928726269
comercio_2216720906,comercio,"fraud_Stokes, Christiansen and Sipes",grocery_net,14,0,14,14.0,0.0,14.0,0.0006036129482479137,0.0006009660992233136
comercio_5049976129,comercio,"fraud_Haley, Batz and Auer",health_fitness,18,0,18,19.0,0.0,19.0,0.0006634739650184815,0.0006557057822334484
comercio_8703143057,comercio,fraud_Berge-Hills,kids_pets,33,0,33,33.0,0.0,33.0,0.0009017410441900246,0.0008903525605877133
comercio_7209377737,comercio,"fraud_Medhurst, Cartwright and Ebert",personal_care,24,0,24,24.0,0.0,24.0,0.0007571270991798175,0.0007475755391819096
comercio_0091711375,comercio,fraud_Greenholt Ltd,health_fitness,23,0,23,23.0,0.0,23.0,0.0007689454591976966,0.000754029276029191
comercio_8671008942,comercio,fraud_Fadel-Hilpert,health_fitness,20,0,20,21.0,0.0,21.0,0.0006720599593315945,0.0006516890328144862
comercio_7542906448,comercio,"fraud_Douglas, DuBuque and McKenzie",travel,15,0,15,15.0,0.0,15.0,0.0006223056833265509,0.0006126192902870676
comercio_1317340970,comercio,fraud_Schiller Ltd,personal_care,23,0,23,25.0,0.0,25.0,0.0007669528869586315,0.0007619629087457713
comercio_0507067894,comercio,"fraud_Tillman, Fritsch and Schmitt",misc_net,27,0,27,28.0,0.0,28.0,0.0008346818354713264,0.000839913879559544
comercio_7990543145,comercio,"fraud_Baumbach, Feeney and Morar",shopping_net,29,0,29,30.0,0.0,30.0,0.0009278083393585156,0.000927674001253353
comercio_7904773617,comercio,fraud_Hackett Group,travel,12,0,12,12.0,0.0,12.0,0.0005974777954506702,0.0005853508476233096
comercio_9256647939,comercio,fraud_Jacobi Inc,health_fitness,19,0,19,20.0,0.0,20.0,0.0007405368389369396,0.0007419077856706777
comercio_0158954224,comercio,fraud_Auer-Mosciski,grocery_pos,47,0,47,48.0,0.0,48.0,0.0012526212958841472,0.0012739734636084223
comercio_5594870283,comercio,fraud_Swift PLC,kids_pets,19,0,19,19.0,0.0,19.0,0.0007035670025009244,0.0006998376247034809
comercio_5122616516,comercio,fraud_Langworth LLC,personal_care,23,0,23,24.0,0.0,24.0,0.0007245246367300091,0.0007065336518356798
comercio_1323361880,comercio,fraud_Paucek-Wiza,grocery_net,15,0,15,15.0,0.0,15.0,0.0005717893004546299,0.0005615002848257836
comercio_9445883704,comercio,"fraud_Tromp, Kerluke and Glover",grocery_net,13,0,13,13.0,0.0,13.0,0.0005759094977435276,0.000573060929705733
comercio_1547469183,comercio,"fraud_Hodkiewicz, Prohaska and Paucek",travel,9,0,9,9.0,0.0,9.0,0.0005665515751667194,0.0005677795031653518
comercio_5243007611,comercio,fraud_Towne LLC,misc_pos,19,0,19,20.0,0.0,20.0,0.0006516028909220208,0.0006478531859334516
comercio_6577900075,comercio,fraud_Lind-Buckridge,entertainment,27,0,27,28.0,0.0,28.0,0.000952868310658346,0.000933207084765936
comercio_5406949560,comercio,"fraud_Medhurst, Labadie and Gottlieb",travel,19,0,19,20.0,0.0,20.0,0.0007500676303863311,0.0007499162256694558
comercio_8213263106,comercio,fraud_Rempel PLC,grocery_net,15,0,15,16.0,0.0,16.0,0.0006116937085480041,0.0006010907903731344
comercio_4696771606,comercio,fraud_Kuphal-Bartoletti,misc_net,21,0,21,21.0,0.0,21.0,0.0007478357304137996,0.0007838004292501609
comercio_5241414410,comercio,"fraud_Hagenes, Hermann and Stroman",travel,13,0,13,13.0,0.0,13.0,0.0006420931758736018,0.0006446844068526515
comercio_4440057419,comercio,fraud_Renner Ltd,home,37,0,37,37.0,0.0,37.0,0.0009592789609959844,0.0009364136237758405
comercio_6986746194,comercio,fraud_Reynolds-Schinner,misc_pos,24,0,24,25.0,0.0,25.0,0.0007710175260236663,0.0007616424923049736
comercio_8670585253,comercio,fraud_Stiedemann Ltd,food_dining,18,0,18,18.0,0.0,18.0,0.0007023230980187172,0.000694626001275166
comercio_1324518735,comercio,"fraud_Hartmann, Rowe and Hermann",travel,11,0,11,11.0,0.0,11.0,0.0006398459925823396,0.0006353850281195246
comercio_2377821935,comercio,fraud_Harris Group,food_dining,26,0,26,28.0,0.0,28.0,0.0008552780180923953,0.0008382759670597311
comercio_9824928687,comercio,fraud_Heller-Abshire,grocery_net,16,0,16,16.0,0.0,16.0,0.0005750840172112779,0.0005600138023537791
comercio_8769195647,comercio,"fraud_Olson, Becker and Koch",gas_transport,41,0,41,42.0,0.0,42.0,0.0010218401047735397,0.0010160822260409218
comercio_1871112992,comercio,fraud_Erdman-Ebert,personal_care,30,0,30,30.0,0.0,30.0,0.0009299755902543212,0.0009106173536049943
comercio_7880657554,comercio,"fraud_Johnson, Runolfsdottir and Mayer",misc_net,25,0,25,25.0,0.0,25.0,0.0007505975972730112,0.0007673707594758632
comercio_8817670084,comercio,fraud_Goyette-Gerhold,kids_pets,29,0,29,30.0,0.0,30.0,0.0008603308891669413,0.0008430336080440652
comercio_6965039796,comercio,fraud_Donnelly PLC,misc_net,18,0,18,19.0,0.0,19.0,0.0007274508349963097,0.0007632517582570615
comercio_5093073645,comercio,"fraud_Swift, Bradtke and Marquardt",grocery_net,12,0,12,12.0,0.0,12.0,0.0005851879267287609,0.0005826945111640431
comercio_0674434393,comercio,fraud_Rowe-Vandervort,grocery_net,18,0,18,18.0,0.0,18.0,0.0006945550246030579,0.0006759895377324897
comercio_5461287394,comercio,fraud_Harris Inc,gas_transport,34,0,34,35.0,0.0,35.0,0.00103445681049811,0.0010299965710405489
comercio_8282058254,comercio,fraud_Kuhic Inc,grocery_pos,39,0,39,39.0,0.0,39.0,0.001079025987459328,0.0011092444971127905
comercio_4909323549,comercio,fraud_Little-Gleichner,travel,14,0,14,14.0,0.0,14.0,0.0006389147043783808,0.0006319690861310259
comercio_5875897550,comercio,"fraud_Mosciski, Ziemann and Farrell",shopping_net,35,0,35,36.0,0.0,36.0,0.0010718911201422795,0.0011365216745172588
comercio_0366943589,comercio,fraud_Runolfsson and Sons,grocery_net,18,0,18,18.0,0.0,18.0,0.0007177143861001578,0.0006978110829759719
comercio_4237177334,comercio,fraud_Spinka Inc,grocery_net,22,0,22,22.0,0.0,22.0,0.000745417872977086,0.0007313761493487625
comercio_7492270429,comercio,"fraud_Cole, Hills and Jewess",home,45,0,45,47.0,0.0,47.0,0.0010832947789037074,0.0010608069602343624
comercio_3796901891,comercio,fraud_Cassin-Harvey,grocery_net,14,0,14,14.0,0.0,14.0,0.0006471446694220404,0.000644264451587855
comercio_0046727171,comercio,fraud_Boyer-Haley,travel,15,0,15,15.0,0.0,15.0,0.0006255513312864752,0.0006201616229288157
comercio_7128919957,comercio,"fraud_Monahan, Bogisich and Ledner",misc_pos,23,0,23,24.0,0.0,24.0,0.00073358974027897,0.0007558755080802552
comercio_8114637846,comercio,fraud_Goyette Inc,shopping_net,35,0,35,35.0,0.0,35.0,0.0008973716143522893,0.0009206781478886267
comercio_3966530071,comercio,fraud_Kiehn-Emmerich,grocery_pos,46,0,46,47.0,0.0,47.0,0.0010819752950070325,0.0011404670479803348
comercio_5300627982,comercio,"fraud_Schroeder, Wolff and Hermiston",travel,16,0,16,16.0,0.0,16.0,0.0007975335461387551,0.0007894504219226171
comercio_4701676311,comercio,fraud_Kovacek Ltd,travel,15,0,15,16.0,0.0,16.0,0.000645860685693343,0.0006252155938712857
comercio_2160987101,comercio,fraud_Bahringer-Larson,grocery_net,15,0,15,15.0,0.0,15.0,0.0006231505426792242,0.0006227576053090988
comercio_6871595443,comercio,fraud_Effertz LLC,entertainment,22,0,22,23.0,0.0,23.0,0.0007282029939513302,0.0007117153042005421
comercio_6375068908,comercio,"fraud_Kilback, Nitzsche and Leffler",travel,12,0,12,12.0,0.0,12.0,0.000670341642765725,0.0006637836116614502
comercio_5343262143,comercio,"fraud_Kerluke, Kertzmann and Wiza",misc_net,30,0,30,30.0,0.0,30.0,0.0008550598322248595,0.0008748019732470079
comercio_1537299937,comercio,fraud_Wiza LLC,misc_pos,27,0,27,27.0,0.0,27.0,0.0008827200257933082,0.0008691212020211256
comercio_1323734564,comercio,"fraud_Bernhard, Grant and Langworth",shopping_pos,31,0,31,31.0,0.0,31.0,0.0008887351642767482,0.0008611160292366503
comercio_2004216311,comercio,"fraud_Stehr, Jewess and Schimmel",misc_net,15,0,15,15.0,0.0,15.0,0.0006627781427655785,0.0006748074220246494
comercio_4568538815,comercio,fraud_Gibson-Deckow,entertainment,23,0,23,23.0,0.0,23.0,0.0007533241782057455,0.0007507324540770409
comercio_9318196185,comercio,fraud_Smith-Stokes,misc_pos,24,0,24,24.0,0.0,24.0,0.0007510402637716656,0.0007397906608826343
comercio_6573442775,comercio,"fraud_Jones, Sawayn and Romaguera",misc_net,14,0,14,14.0,0.0,14.0,0.0005926369234972762,0.0005978329151371401
comercio_9097512736,comercio,fraud_Trantow PLC,grocery_net,13,0,13,13.0,0.0,13.0,0.0007124292617278836,0.000707063043934759
comercio_3460529441,comercio,"fraud_Weber, Thiel and Hammes",kids_pets,37,0,37,38.0,0.0,38.0,0.0011390727995017216,0.0011315272401509744
comercio_1276563967,comercio,fraud_Treutel-King,travel,8,0,8,8.0,0.0,8.0,0.0006000865747972968,0.0006010074967537516
comercio_6124310674,comercio,fraud_Hills-Olson,grocery_net,18,0,18,19.0,0.0,19.0,0.0006791341823389474,0.0006650080237821518
comercio_7973637965,comercio,fraud_Veum-Koelpin,travel,13,0,13,13.0,0.0,13.0,0.0006228333832109129,0.000622319911515131
comercio_5124817458,comercio,"fraud_Graham, Hegmann and Hammes",food_dining,28,0,28,29.0,0.0,29.0,0.0007649872401019581,0.0007564449543010608
comercio_8979447355,comercio,fraud_Zboncak Ltd,food_dining,25,0,25,26.0,0.0,26.0,0.0008995357963812022,0.0008743822033126316
comercio_9873592683,comercio,fraud_Rau-Robel,kids_pets,26,0,26,26.0,0.0,26.0,0.0008724316713931435,0.0008454766047516666
comercio_9777805024,comercio,"fraud_Reichel, Bradtke and Blanda",travel,8,0,8,9.0,0.0,9.0,0.0005150043900253571,0.000514813136843868
comercio_0494956763,comercio,"fraud_Harris, Gusikowski and Heaney",grocery_net,11,0,11,12.0,0.0,12.0,0.0005837779192008556,0.0005794375936135621
comercio_7684699083,comercio,"fraud_Nienow, Ankunding and Collier",misc_pos,23,0,23,23.0,0.0,23.0,0.000812275807186926,0.0007890021632946478
comercio_5378020703,comercio,fraud_Bins-Howell,personal_care,25,0,25,26.0,0.0,26.0,0.0008303157909087333,0.0008210734953481314
comercio_4570847832,comercio,fraud_Donnelly LLC,entertainment,22,0,22,22.0,0.0,22.0,0.0007261483054504877,0.0007266171547135487
comercio_1274007242,comercio,"fraud_Eichmann, Bogan and Rodriguez",gas_transport,38,0,38,39.0,0.0,39.0,0.0009114512278928935,0.0008886034310252265
comercio_2473869619,comercio,fraud_Turner LLC,travel,16,0,16,16.0,0.0,16.0,0.000725001820448529,0.0007186759230898328
comercio_1463473496,comercio,fraud_VonRueden Group,grocery_net,5,0,5,5.0,0.0,5.0,0.000499915960413957,0.0005086321399232599
comercio_0493192773,comercio,fraud_Jerde-Hermann,travel,15,0,15,16.0,0.0,16.0,0.0007077424831702014,0.0007052679170167518
comercio_5348371487,comercio,fraud_Corwin-Romaguera,travel,15,0,15,15.0,0.0,15.0,0.0007507252892027086,0.0007472468402431005
comercio_3314952796,comercio,"fraud_Greenfelder, Bartoletti and Davis",misc_net,19,0,19,19.0,0.0,19.0,0.000674474219692268,0.0006660445401714779
comercio_1338868455,comercio,fraud_Breitenberg LLC,travel,12,0,12,12.0,0.0,12.0,0.0005580730524632166,0.0005569339162029791
comercio_9310877161,comercio,"fraud_Schneider, Hayes and Nikolaus",food_dining,22,0,22,24.0,0.0,24.0,0.0007703478274983975,0.0007677415788552331
comercio_3304385439,comercio,fraud_Howe PLC,entertainment,24,0,24,25.0,0.0,25.0,0.0009055771194022108,0.0009017419444583333
comercio_6611122818,comercio,"fraud_Rutherford, Homenick and Bergstrom",grocery_net,16,0,16,16.0,0.0,16.0,0.0007045586742545892,0.0006990386433722395
comercio_3595538369,comercio,fraud_Pfeffer LLC,grocery_net,11,0,11,11.0,0.0,11.0,0.0005435276221818075,0.0005408918046791494
comercio_7152821286,comercio,fraud_Spinka-Welch,grocery_net,11,0,11,11.0,0.0,11.0,0.0005385077478773968,0.0005336885563647019
comercio_7596682973,comercio,fraud_McDermott-Rice,misc_pos,25,0,25,25.0,0.0,25.0,0.0007207296999493557,0.0007081559861510369
comercio_5082370906,comercio,fraud_Lynch-Mohr,travel,11,0,11,11.0,0.0,11.0,0.0005778257535481259,0.0005818829134857119
comercio_5759826105,comercio,fraud_Morar Inc,grocery_net,11,0,11,11.0,0.0,11.0,0.0006282609502614774,0.0006242375886652357
comercio_1694281914,comercio,fraud_Altenwerth-Kilback,home,31,0,31,31.0,0.0,31.0,0.0008777717969397044,0.0008560036504522092
comercio_0685408660,comercio,fraud_Tromp Group,travel,12,0,12,13.0,0.0,13.0,0.0006454426638056532,0.0006335489853947236
comercio_0671969025,comercio,fraud_Block-Parisian,misc_net,19,0,19,20.0,0.0,20.0,0.0006447319863400377,0.0006682621944654753
comercio_4590295184,comercio,"fraud_Monahan, Hermann and Johns",travel,8,0,8,8.0,0.0,8.0,0.0005912773341631806,0.0005919503384499357
comercio_2597609716,comercio,fraud_Shields Inc,grocery_net,15,0,15,15.0,0.0,15.0,0.0006103572850453784,0.0006040123453068432
comercio_2365772407,comercio,"fraud_Johnston, Nikolaus and Maggio",grocery_net,12,0,12,12.0,0.0,12.0,0.0006071464401137251,0.000609817665051863
comercio_0412127573,comercio,fraud_Morissette-Schaefer,personal_care,22,0,22,23.0,0.0,23.0,0.001023291591379972,0.0010240485664710015
comercio_5221849365,comercio,"fraud_Schaefer, Fay and Hilll",entertainment,26,0,26,27.0,0.0,27.0,0.0008725005356896311,0.0008523056741587542
comercio_8992051561,comercio,fraud_Abshire PLC,entertainment,16,0,16,16.0,0.0,16.0,0.0006469098670968874,0.0006319752101524675
comercio_6621648998,comercio,fraud_Ebert-Daugherty,travel,16,0,16,16.0,0.0,16.0,0.0007063939043651658,0.0007109494703209802
comercio_1621213905,comercio,fraud_Corwin-Gorczany,misc_net,15,0,15,16.0,0.0,16.0,0.0006510929346966995,0.0006615198013407169
comercio_2869222109,comercio,"fraud_Larson, Quitzon and Spencer",travel,12,0,12,12.0,0.0,12.0,0.0006437537075033959,0.0006350184365840725
comercio_3595173981,comercio,fraud_Funk Group,grocery_net,15,0,15,15.0,0.0,15.0,0.0006706191115161982,0.0006616863772800899
comercio_1721762050,comercio,"fraud_Ritchie, Oberbrunner and Cremin",travel,17,0,17,17.0,0.0,17.0,0.0006585590456519803,0.0006501782048342229
comercio_9347659086,comercio,fraud_Reichert-Weissnat,travel,11,0,11,11.0,0.0,11.0,0.0005900847648999048,0.0005868707086354437
comercio_8711344779,comercio,fraud_Gutmann Ltd,grocery_net,12,0,12,12.0,0.0,12.0,0.0005556902319294438,0.0005574428676529125
