comercio_id,comercio,n_transacciones,monto_total,monto_promedio,fraudes,tasa_fraude,score_modelo_promedio,weighted_in_degree,pagerank,pagerank_riesgo,rank_grafo_pagerank,rank_grafo_riesgo,rank_popularidad,rank_monto,rank_modelo
comercio_0005320926,"fraud_Rippin, Kub and Mann",29,6604.41,227.73827586206897,6,0.20689655172413793,0.20842086,29.0,0.0009554486110964974,0.0009758129040559675,246,225,371,112,87
comercio_0012866316,fraud_Gulgowski LLC,44,2386.01,54.227500000000006,0,0.0,0.0032074014,44.0,0.0011476834914533984,0.001127648700300666,50,65,62,287,665
comercio_0013312390,"fraud_Turner, Ruecker and Parisian",31,4020.98,129.70903225806452,1,0.03225806451612903,0.04872869,31.0,0.0009699070415080594,0.000963296486366678,228,239,307,179,313
comercio_0015112241,fraud_Denesik and Sons,31,4505.31,145.3325806451613,2,0.06451612903225806,0.08788495,31.0,0.0008219147065386805,0.000832680493709189,437,410,308,174,207
comercio_0042032239,fraud_Cummings LLC,40,2414.21,60.35525,2,0.05,0.03994419,40.0,0.001019968397050951,0.001001786149897097,166,193,125,282,366
comercio_0046727171,fraud_Boyer-Haley,15,87.97,5.8646666666666665,0,0.0,0.016833466,15.0,0.0006255513312864752,0.0006201616229288157,638,639,626,685,563
comercio_0058083078,fraud_Torphy-Goyette,39,7744.9800000000005,198.5892307692308,7,0.1794871794871795,0.16474228,39.0,0.0011233374203482782,0.001140331213069075,63,59,136,82,129
comercio_0059907409,"fraud_Rowe, Batz and Goodwin",43,6554.5,152.43023255813952,9,0.20930232558139536,0.20998256,43.0,0.0011838270404073003,0.0012152887300085342,37,28,81,113,85
comercio_0066104500,"fraud_Lubowitz, Terry and Stracke",29,1074.83,37.06310344827586,0,0.0,0.015088133,29.0,0.0008586908378843062,0.0008432967473754665,380,396,372,583,580
comercio_0091711375,fraud_Greenholt Ltd,23,1497.59,65.11260869565217,0,0.0,0.0056439224,23.0,0.0007689454591976966,0.000754029276029191,513,528,519,479,650
comercio_0095118024,fraud_Marks Inc,41,2614.62,63.77121951219512,1,0.024390243902439025,0.022170017,41.0,0.0010859704958913867,0.0010668544661031104,92,116,112,259,516
comercio_0100662007,fraud_Reilly LLC,38,2406.92,63.34,0,0.0,0.003004307,38.0,0.0009992021147246415,0.0009665832799742639,193,237,152,285,667
comercio_0108369292,fraud_Beer-Jast,37,1945.75,52.58783783783784,3,0.08108108108108109,0.022945227,37.0,0.0009501361431833296,0.0009341681015385655,253,267,172,381,508
comercio_0112114344,"fraud_Kihn, Abernathy and Douglas",44,13620.35,309.5534090909091,12,0.2727272727272727,0.26379976,44.0,0.0011197376889150667,0.0011804527795655907,67,41,63,14,43
comercio_0121152316,fraud_Cummerata-Hilpert,33,2069.4900000000002,62.71181818181819,1,0.030303030303030304,0.03086317,33.0,0.0009203677248558006,0.0008972990313635056,282,319,261,357,439
comercio_0136551854,fraud_Schmidt and Sons,34,11298.92,332.3211764705882,9,0.2647058823529412,0.26509443,34.0,0.0009914892428935299,0.0010384989888018498,203,149,239,26,42
comercio_0149408610,fraud_Gaylord-Powlowski,37,3069.92,82.97081081081082,4,0.10810810810810811,0.10206439,37.0,0.0009734753916848431,0.0009903180475437918,226,207,173,214,189
comercio_0158954224,fraud_Auer-Mosciski,48,7229.98,150.62458333333333,7,0.14583333333333334,0.15647213,48.0,0.0012526212958841472,0.0012739734636084223,18,19,31,91,138
comercio_0180820055,fraud_Berge LLC,37,2200.86,59.4827027027027,2,0.05405405405405406,0.05488324,37.0,0.0009774927372208913,0.0009488863975139601,221,251,174,322,285
comercio_0197813740,fraud_Bauch-Blanda,33,1913.95,57.99848484848485,1,0.030303030303030304,0.029594053,33.0,0.0008498132717552171,0.000832339101406382,403,412,262,385,452
comercio_0200439779,fraud_Brown-Greenholt,29,2179.43,75.15275862068965,1,0.034482758620689655,0.03668256,29.0,0.0007938634273543425,0.0007836675709311674,481,491,373,331,383
comercio_0205545305,"fraud_Schaefer, Maggio and Daugherty",43,2632.53,61.22162790697675,3,0.06976744186046512,0.06791653,43.0,0.0011261066194736113,0.00111914485019134,62,74,82,256,249
comercio_0205743951,fraud_Bins-Rice,30,1701.36,56.711999999999996,4,0.13333333333333333,0.1275719,30.0,0.0009184666764882033,0.0009238753533946672,288,281,334,427,165
comercio_0206757515,fraud_Little Ltd,35,1620.62,46.30342857142857,4,0.11428571428571428,0.03589916,35.0,0.0009625607858801624,0.0009362365746323397,235,266,213,443,387
comercio_0206988999,"fraud_Streich, Rolfson and Wilderman",35,1568.99,44.82828571428571,3,0.08571428571428572,0.060803708,35.0,0.0010357235664764603,0.001033733326976803,150,156,214,463,264
comercio_0304345686,fraud_Kerluke PLC,30,2538.73,84.62433333333334,2,0.06666666666666667,0.0830792,30.0,0.0010170917378573422,0.0010215329868260518,170,172,335,267,215
comercio_0333950504,fraud_Cormier LLC,65,8213.42,126.3603076923077,5,0.07692307692307693,0.08734704,65.0,0.0014142413026591377,0.0014298191684724859,3,3,3,68,209
comercio_0347539912,fraud_Torp-Labadie,38,2194.25,57.74342105263158,3,0.07894736842105263,0.077023916,38.0,0.0009559611828398657,0.0009409826854404249,245,261,153,325,228
comercio_0359308500,fraud_Hammes-Beatty,34,1732.02,50.94176470588235,0,0.0,0.013916604,34.0,0.0012528520371622085,0.001254872274974433,17,24,240,421,590
comercio_0366943589,fraud_Runolfsson and Sons,18,902.38,50.132222222222225,1,0.05555555555555555,0.0179841,18.0,0.0007177143861001578,0.0006978110829759719,571,584,587,619,555
comercio_0371607890,fraud_Gerhold LLC,32,1357.95,42.4359375,0,0.0,0.0004539778,32.0,0.0009067434093540308,0.0008757596976973464,306,344,280,513,693
comercio_0412127573,fraud_Morissette-Schaefer,23,1365.3799999999999,59.36434782608695,1,0.043478260869565216,0.030393137,23.0,0.001023291591379972,0.0010240485664710015,163,168,520,512,443
comercio_0430539075,fraud_Spencer PLC,27,2868.03,106.22333333333334,1,0.037037037037037035,0.05675709,27.0,0.0008032290791453712,0.000805127732979841,463,449,419,234,277
comercio_0444705653,fraud_Padberg-Sauer,30,1458.01,48.60033333333333,0,0.0,0.0010061344,30.0,0.0008409979689073435,0.0008230557382893876,411,427,336,484,685
comercio_0460934538,fraud_Labadie LLC,28,953.14,34.04071428571429,0,0.0,0.01337946,28.0,0.0008402328263373194,0.0008154066352401091,412,438,400,611,597
comercio_0469526350,fraud_Abbott-Rogahn,36,2362.31,65.61972222222222,1,0.027777777777777776,0.029915316,36.0,0.0009058545399693243,0.0008886985069795591,308,326,194,291,447
comercio_0470453485,"fraud_Champlin, Rolfson and Connelly",17,569.51,33.50058823529412,0,0.0,0.0134633565,17.0,0.0007078954599462362,0.0007057718708825524,577,578,601,672,594
comercio_0493192773,fraud_Jerde-Hermann,16,505.46,31.59125,1,0.0625,0.027003288,16.0,0.0007077424831702014,0.0007052679170167518,578,579,612,680,475
comercio_0494956763,"fraud_Harris, Gusikowski and Heaney",12,597.47,49.78916666666667,3,0.25,0.11633685,12.0,0.0005837779192008556,0.0005794375936135621,666,669,656,668,171
comercio_0507067894,"fraud_Tillman, Fritsch and Schmitt",28,3844.84,137.31571428571428,3,0.10714285714285714,0.1311037,28.0,0.0008346818354713264,0.000839913879559544,420,402,401,183,162
comercio_0507693385,fraud_Hamill-Daugherty,20,875.24,43.762,0,0.0,0.0070659644,20.0,0.0006662940254782589,0.0006544121772298347,606,612,553,623,639
comercio_0516515132,fraud_Emmerich-Rau,30,1034.71,34.49033333333333,3,0.1,0.042629607,30.0,0.0008593339666370653,0.0008538211820441447,379,378,337,595,350
comercio_0615606470,fraud_O'Connell-Ullrich,39,1958.02,50.20564102564102,0,0.0,0.0013924764,39.0,0.0010444361006581506,0.0010088093026084665,138,183,137,379,680
comercio_0620702008,fraud_Zboncak LLC,35,1187.7,33.934285714285714,1,0.02857142857142857,0.026801994,35.0,0.0008538077926050556,0.0008452076246556478,391,393,215,552,478
comercio_0671969025,fraud_Block-Parisian,20,3706.1800000000003,185.30900000000003,3,0.15,0.14390834,20.0,0.0006447319863400377,0.0006682621944654753,623,603,554,191,155
comercio_0674434393,fraud_Rowe-Vandervort,18,981.32,54.51777777777778,1,0.05555555555555555,0.020403884,18.0,0.0006945550246030579,0.0006759895377324897,590,597,588,606,532
comercio_0675525750,fraud_Macejkovic-Lesch,39,8231.77,211.07102564102564,7,0.1794871794871795,0.17979129,39.0,0.0010185650795006696,0.0010222500948962809,169,169,138,67,116
comercio_0678311647,fraud_Kling-Grant,13,708.75,54.51923076923077,0,0.0,0.0035067813,13.0,0.0006086248959319404,0.0006059979674425596,648,647,646,648,662
comercio_0684315605,fraud_Larson-Moen,30,1960.66,65.35533333333333,0,0.0,0.004138018,30.0,0.0008325012790970531,0.00081266208836997,424,441,338,378,660
comercio_0685408660,fraud_Tromp Group,13,1054.19,81.09153846153846,1,0.07692307692307693,0.022557195,13.0,0.0006454426638056532,0.0006335489853947236,621,629,647,591,513
comercio_0748609734,"fraud_Casper, Hand and Zulauf",30,4471.96,149.06533333333334,6,0.2,0.19202672,30.0,0.0008812202072827561,0.0009087568627253643,351,302,339,175,107
comercio_0750551814,"fraud_Conroy, Balistreri and Gorczany",25,1388.37,55.5348,2,0.08,0.033871487,25.0,0.0007715467439163765,0.0007632782040326253,508,511,466,505,404
comercio_0763297353,"fraud_Connelly, Reichert and Fritsch",47,2954.11,62.85340425531915,2,0.0425531914893617,0.026156737,47.0,0.0011925559146046855,0.0011633633599817217,32,49,37,223,485
comercio_0768941686,"fraud_Gutmann, McLaughlin and Wiza",40,2291.33,57.283249999999995,0,0.0,0.028601635,40.0,0.0011007150491845954,0.001087526217747371,80,98,126,308,460
comercio_0799686475,fraud_Jast and Sons,19,1237.37,65.12473684210526,0,0.0,0.009947004,19.0,0.0007357688077293164,0.0007297223154507187,547,553,567,543,620
comercio_0821622800,fraud_Kilback Group,32,1836.48,57.39,0,0.0,0.031188337,32.0,0.0007950965346189958,0.0007903675213741729,479,473,281,397,433
comercio_0848636013,fraud_Waelchi Inc,45,2665.61,59.235777777777784,0,0.0,0.023612525,45.0,0.0010719954363514145,0.0010676498354675345,109,114,52,254,502
comercio_0862765991,"fraud_Willms, Kris and Bergnaum",36,5152.36,143.1211111111111,3,0.08333333333333333,0.073380835,36.0,0.0010030476969476057,0.0009946975384606154,188,201,195,162,236
comercio_0863647370,"fraud_Stroman, Hudson and Erdman",46,2718.89,59.10630434782608,5,0.10869565217391304,0.09363129,46.0,0.0012134881223029221,0.0012068329052635838,26,30,45,244,200
comercio_0868776462,"fraud_McCullough, Hudson and Schuster",31,1583.84,51.0916129032258,0,0.0,0.009861077,31.0,0.000861754149660439,0.000851798825942273,375,381,309,458,621
comercio_0881783210,fraud_Kihn Inc,29,3304.3700000000003,113.94379310344829,3,0.10344827586206896,0.100503616,29.0,0.0009092448366324595,0.0009030738739832613,304,308,374,207,190
comercio_0888147846,fraud_Schoen Ltd,39,1703.31,43.674615384615386,0,0.0,0.029148836,39.0,0.0009868638257056462,0.0009839681745935857,205,209,139,425,456
comercio_0943955176,fraud_Ernser-Lynch,37,1752.95,47.377027027027026,1,0.02702702702702703,0.017652778,37.0,0.0009475584897707005,0.0009278521626490453,255,273,175,416,557
comercio_0945287598,"fraud_Nitzsche, Kessler and Wolff",24,4824.67,201.02791666666667,4,0.16666666666666666,0.16182463,24.0,0.0008293235546966693,0.0008381944164608932,427,405,490,165,135
comercio_0946981146,fraud_Dibbert and Sons,20,1268.78,63.439,0,0.0,0.002750957,20.0,0.0007983691569034261,0.0007734285547222452,473,501,555,532,669
comercio_0953093463,"fraud_Kuhic, Bins and Pfeffer",32,10062.7,314.459375,8,0.25,0.21921752,32.0,0.0009108395869112704,0.000926829672038293,299,278,282,40,77
comercio_0962573902,fraud_Jast-McDermott,38,4572.93,120.34026315789474,1,0.02631578947368421,0.048022773,38.0,0.0010658296887845948,0.0010457141507942064,117,143,154,171,319
comercio_1025008516,fraud_Friesen Inc,35,10055.8,287.3085714285714,7,0.2,0.22507744,35.0,0.000894414451612838,0.0009570369673114618,326,245,216,41,73
comercio_1040707130,fraud_Christiansen-Gusikowski,24,530.82,22.117500000000003,1,0.041666666666666664,0.0385672,24.0,0.0008296506807819588,0.0008263188851060811,426,422,491,676,377
comercio_1062070452,"fraud_Turcotte, McKenzie and Koss",30,2068.92,68.964,0,0.0,0.0030157564,30.0,0.0008932968738525608,0.0008861605625534169,327,332,340,358,666
comercio_1087316882,fraud_Schmeler-Howe,23,822.2,35.74782608695652,1,0.043478260869565216,0.04578201,23.0,0.0007424528551288865,0.0007255814469127656,540,558,521,631,333
comercio_1092197715,"fraud_Eichmann, Hayes and Treutel",17,1126.95,66.29117647058824,1,0.058823529411764705,0.03910485,17.0,0.0006508112064825248,0.0006480296130976982,617,616,602,570,375
comercio_1094632157,fraud_Ernser-Feest,33,2342.99,70.99969696969697,1,0.030303030303030304,0.019960396,33.0,0.0009070142690588244,0.00088828832060732,305,329,263,293,539
comercio_1135810253,"fraud_Yost, Schamberger and Windler",37,2091.56,56.52864864864865,0,0.0,0.020607324,37.0,0.0010765387835645914,0.0010544384096880736,104,131,176,353,530
comercio_1148487350,fraud_Kozey-Boehm,30,13454.26,448.47533333333337,12,0.4,0.41329712,30.0,0.000926594058930515,0.0009939720661513742,278,203,341,15,4
comercio_1182060483,"fraud_Nicolas, Hills and McGlynn",19,700.63,36.875263157894736,0,0.0,0.0007906823,19.0,0.0007022530343905041,0.0006810358836497242,587,595,568,649,691
comercio_1192791818,fraud_Boyer PLC,75,18690.34,249.20453333333333,15,0.2,0.19373928,75.0,0.0017161652798706015,0.0017502200724853901,1,1,1,3,105
comercio_1217607498,fraud_Brown Inc,39,2001.5,51.32051282051282,2,0.05128205128205128,0.043203097,39.0,0.001116703448966174,0.0011174160126794098,70,75,140,371,348
comercio_1248562808,fraud_Lubowitz-Walter,38,1748.94,46.02473684210526,2,0.05263157894736842,0.03328311,38.0,0.0011625410889533959,0.0011466641775379083,44,55,155,417,410
comercio_1249424285,fraud_Schroeder Group,21,1019.79,48.56142857142857,0,0.0,0.030166961,21.0,0.0007267014663393965,0.0007240981861172156,555,560,545,598,446
comercio_1274007242,"fraud_Eichmann, Bogan and Rodriguez",39,2373.68,60.86358974358974,2,0.05128205128205128,0.053986385,39.0,0.0009114512278928935,0.0008886034310252265,298,327,141,289,289
comercio_1274828195,fraud_Dicki Ltd,24,1204.51,50.187916666666666,1,0.041666666666666664,0.035363358,24.0,0.0007351911605732618,0.0007255075892969713,548,559,492,547,391
comercio_1276563967,fraud_Treutel-King,8,1822.1,227.7625,0,0.0,0.057587363,8.0,0.0006000865747972968,0.0006010074967537516,653,650,690,403,273
comercio_1284634027,"fraud_Hills, Hegmann and Schaefer",25,1505.31,60.212399999999995,1,0.04,0.042332444,25.0,0.0007722135358011255,0.000765066429028884,506,509,467,478,352
comercio_1317340970,fraud_Schiller Ltd,25,972.23,38.8892,0,0.0,0.027085263,25.0,0.0007669528869586315,0.0007619629087457713,514,514,468,607,473
comercio_1320872728,"fraud_Raynor, Feest and Miller",42,2548.96,60.68952380952381,1,0.023809523809523808,0.027070792,42.0,0.001074944417113405,0.0010365137594958837,107,152,100,264,474
comercio_1323361880,fraud_Paucek-Wiza,15,757.8,50.519999999999996,0,0.0,0.0051575974,15.0,0.0005717893004546299,0.0005615002848257836,676,678,627,641,656
comercio_1323734564,"fraud_Bernhard, Grant and Langworth",31,2694.13,86.90741935483871,2,0.06451612903225806,0.06286296,31.0,0.0008887351642767482,0.0008611160292366503,337,364,310,249,261
comercio_1324518735,"fraud_Hartmann, Rowe and Hermann",11,1008.04,91.64,1,0.09090909090909091,0.01196206,11.0,0.0006398459925823396,0.0006353850281195246,629,625,671,601,613
comercio_1326043979,fraud_Bahringer-Streich,29,1733.65,59.78103448275862,1,0.034482758620689655,0.033128303,29.0,0.000853166226440121,0.0008326868834114091,393,409,375,420,414
comercio_1338868455,fraud_Breitenberg LLC,12,303.12,25.26,0,0.0,0.01468704,12.0,0.0005580730524632166,0.0005569339162029791,681,681,657,682,585
comercio_1365286006,"fraud_Okuneva, Schneider and Rau",41,8299.69,202.43146341463415,5,0.12195121951219512,0.1149268,41.0,0.0009993616680969964,0.00100834200491325,192,184,113,64,174
comercio_1370324911,fraud_Thiel PLC,12,255.44,21.286666666666665,0,0.0,0.027416287,12.0,0.0005760922159743473,0.0005754074089456859,672,671,658,683,468
comercio_1382316048,fraud_Dach-Borer,18,968.1,53.78333333333333,1,0.05555555555555555,0.030975197,18.0,0.0006566169141617207,0.0006478749077618418,613,617,589,609,435
comercio_1420970155,"fraud_Fadel, Mertz and Rippin",24,1851.83,77.15958333333333,0,0.0,0.016475277,24.0,0.0008744591983790114,0.0008613464806213979,358,363,493,393,566
comercio_1463473496,fraud_VonRueden Group,5,223.98000000000002,44.79600000000001,1,0.2,0.18529709,5.0,0.000499915960413957,0.0005086321399232599,693,693,693,684,111
comercio_1478809149,fraud_Kihn-Fritsch,29,1638.96,56.51586206896552,1,0.034482758620689655,0.017028198,29.0,0.0008082191429129076,0.0007965832519882978,453,463,376,437,561
comercio_1487094244,fraud_Crooks and Sons,36,1701.75,47.270833333333336,1,0.027777777777777776,0.042018496,36.0,0.0010884245622558803,0.0010837842850812249,89,104,196,426,354
comercio_1490883517,"fraud_Mante, Luettgen and Hackett",29,1594.82,54.993793103448276,1,0.034482758620689655,0.022703461,29.0,0.0008069533551333441,0.0007874584929064451,458,483,377,451,509
comercio_1531219819,fraud_Heller PLC,20,1129.41,56.4705,1,0.05,0.012642209,20.0,0.0006306843959799892,0.0006238946508370392,632,636,556,569,604
comercio_1534017203,"fraud_Schuppe, Nolan and Hoeger",41,7954.64,194.01560975609758,5,0.12195121951219512,0.16147363,41.0,0.0009956182776793949,0.001008154081275804,199,185,114,74,136
comercio_1535308988,fraud_Eichmann-Kilback,37,2311.55,62.47432432432433,1,0.02702702702702703,0.02695355,37.0,0.0011222344082353242,0.00109612047139234,65,93,177,302,476
comercio_1537299937,fraud_Wiza LLC,27,1243.86,46.068888888888885,1,0.037037037037037035,0.034123175,27.0,0.0008827200257933082,0.0008691212020211256,347,357,420,542,403
comercio_1547469183,"fraud_Hodkiewicz, Prohaska and Paucek",9,3713.37,412.59666666666664,0,0.0,0.024988597,9.0,0.0005665515751667194,0.0005677795031653518,679,676,686,189,493
comercio_1604355600,fraud_Kutch-Wilderman,30,1828.78,60.95933333333333,0,0.0,0.005936159,30.0,0.000883264542612185,0.0008726167420780637,346,351,342,402,647
comercio_1609012810,fraud_Upton PLC,24,1898.26,79.09416666666667,1,0.041666666666666664,0.042589996,24.0,0.000800055405879197,0.0007921415624733701,469,465,494,389,351
comercio_1621213905,fraud_Corwin-Gorczany,16,4539.21,283.700625,4,0.25,0.24537261,16.0,0.0006510929346966995,0.0006615198013407169,616,610,613,172,54
comercio_1648444838,fraud_Wolf Inc,58,8394.9,144.7396551724138,12,0.20689655172413793,0.18614788,58.0,0.0012829275767893948,0.0013213816055632148,14,12,6,62,110
comercio_1660454592,fraud_Lesch Ltd,33,3534.7200000000003,107.11272727272728,1,0.030303030303030304,0.03376388,33.0,0.0009241211182431524,0.0009137345106139231,280,297,264,199,408
comercio_1662842620,fraud_Zemlak Group,26,5706.67,219.4873076923077,6,0.23076923076923078,0.20660642,26.0,0.0007767677764448469,0.0008024753791523628,502,455,447,142,90
comercio_1664595543,fraud_O'Keefe-Wisoky,31,1579.67,50.95709677419355,1,0.03225806451612903,0.020709645,31.0,0.0009625245657469603,0.0009426849429901182,236,259,311,459,527
comercio_1694281914,fraud_Altenwerth-Kilback,31,1970.39,63.560967741935485,0,0.0,0.002214738,31.0,0.0008777717969397044,0.0008560036504522092,355,371,312,377,672
comercio_1703797631,fraud_Bernier and Sons,43,1987.41,46.21883720930233,2,0.046511627906976744,0.03748418,43.0,0.0010465499924082293,0.0010372318959825442,134,151,83,373,381
comercio_1708754579,"fraud_Lowe, Dietrich and Erdman",30,1803.1399999999999,60.10466666666666,1,0.03333333333333333,0.030282037,30.0,0.0008675131690291136,0.0008503493072699351,369,386,343,407,444
comercio_1717423236,fraud_Jaskolski-Vandervort,18,4292.17,238.45388888888888,5,0.2777777777777778,0.2769067,18.0,0.0006640338509837622,0.000687771736555946,607,591,590,176,34
comercio_1718046381,fraud_Wuckert-Goldner,32,1608.86,50.276875,0,0.0,0.0011217885,32.0,0.0008678727157949678,0.0008431742846038746,367,397,283,447,684
comercio_1721762050,"fraud_Ritchie, Oberbrunner and Cremin",17,4664.4,274.3764705882353,1,0.058823529411764705,0.04412934,17.0,0.0006585590456519803,0.0006501782048342229,612,615,603,170,342
comercio_1741567283,fraud_Reichel LLC,33,2012.6699999999998,60.989999999999995,0,0.0,0.03283023,33.0,0.0008897992956518384,0.0008816291934589692,333,334,265,366,420
comercio_1743699208,fraud_Schmitt Inc,35,2196.73,62.763714285714286,4,0.11428571428571428,0.108438335,35.0,0.0009364033680314646,0.0009452953890943863,270,255,217,324,181
comercio_1747572000,fraud_Dare-Gibson,23,1083.07,47.089999999999996,1,0.043478260869565216,0.016559305,23.0,0.0007779279524987241,0.0007715551359416816,498,502,522,581,564
comercio_1764266149,"fraud_Haley, Jewess and Bechtelar",37,4742.74,128.18216216216214,3,0.08108108108108109,0.082364365,37.0,0.0009449698339226991,0.0009450504169649093,258,257,178,167,217
comercio_1777506388,fraud_Abbott-Steuber,28,1611.3799999999999,57.54928571428571,2,0.07142857142857142,0.050222483,28.0,0.0008516785702460726,0.0008569479208991375,398,370,402,446,304
comercio_1784063743,"fraud_Heathcote, Yost and Kertzmann",46,18252.64,396.7965217391304,16,0.34782608695652173,0.35267758,46.0,0.0011338769382727653,0.0012133915988246206,55,29,46,4,8
comercio_1806633108,fraud_Dickinson-Rempel,27,2533.29,93.82555555555555,1,0.037037037037037035,0.02263476,27.0,0.00082897533157391,0.0008179356757785592,428,433,421,268,511
comercio_1861923231,fraud_Abernathy and Sons,27,1054.14,39.04222222222223,0,0.0,0.022656357,27.0,0.000838691570615088,0.0008284826480225654,416,418,422,592,510
comercio_1869089167,fraud_Bechtelar-Rippin,30,1883.42,62.78066666666667,1,0.03333333333333333,0.02063724,30.0,0.0008795770649167281,0.0008500782030005095,352,387,344,390,529
comercio_1871112992,fraud_Erdman-Ebert,30,1419.04,47.30133333333333,2,0.06666666666666667,0.03122553,30.0,0.0009299755902543212,0.0009106173536049943,273,299,345,492,432
comercio_1885807714,fraud_Vandervort-Funk,48,6338.14,132.04458333333335,4,0.08333333333333333,0.08335101,48.0,0.001038203708075815,0.00102879158222413,147,162,32,124,214
comercio_1888818288,fraud_Lemke-Gutmann,55,20389.39,370.7161818181818,18,0.32727272727272727,0.3248136,55.0,0.0012671361571003797,0.001375531461781355,15,5,9,1,16
comercio_1919164434,fraud_Nolan-Williamson,45,2486.2799999999997,55.25066666666666,3,0.06666666666666667,0.033174247,45.0,0.0010127502761174162,0.0010078312166812004,175,186,53,276,413
comercio_1931354031,"fraud_Dare, Casper and Bartoletti",31,2194.01,70.77451612903226,3,0.0967741935483871,0.028414352,31.0,0.0008364626148775427,0.0008233317054096703,418,426,313,326,463
comercio_1937370928,fraud_Friesen Ltd,28,822.07,29.35964285714286,1,0.03571428571428571,0.019731818,28.0,0.0009414749548223529,0.0009239189247349221,264,280,403,632,541
comercio_2002899183,fraud_Carroll PLC,26,1246.21,47.93115384615385,1,0.038461538461538464,0.025491735,26.0,0.0008527258199638887,0.0008517584996912037,394,383,448,540,489
comercio_2004216311,"fraud_Stehr, Jewess and Schimmel",15,5186.6,345.77333333333337,6,0.4,0.35831472,15.0,0.0006627781427655785,0.0006748074220246494,611,599,628,160,7
comercio_2007874625,fraud_Hudson-Ratke,49,7047.45,143.82551020408164,8,0.16326530612244897,0.14557053,49.0,0.0011282164667068112,0.001137188433478133,60,60,27,97,150
comercio_2022059886,fraud_Jacobi and Sons,45,5197.71,115.50466666666667,4,0.08888888888888889,0.08911248,45.0,0.001158248653676599,0.0011738739655284204,47,46,54,159,206
comercio_2027422162,"fraud_Roberts, Daniel and Macejkovic",27,1586.15,58.7462962962963,1,0.037037037037037035,0.026671112,27.0,0.0008338310906665916,0.0008238321683556815,421,424,423,455,480
comercio_2062623818,fraud_Mante Group,25,7948.19,317.9276,9,0.36,0.332317,25.0,0.0007879804384635929,0.0008265704584124573,489,421,469,75,15
comercio_2085102849,fraud_Botsford PLC,38,1794.4,47.22105263157895,2,0.05263157894736842,0.019998798,38.0,0.0009475272271270093,0.0009276125699377335,256,276,156,409,538
comercio_2117657364,fraud_Romaguera and Sons,17,1539.89,90.58176470588236,1,0.058823529411764705,0.042739432,17.0,0.0006987360193141827,0.0006882075945920535,589,590,604,471,349
comercio_2125566770,"fraud_Dare, Fritsch and Zboncak",30,1392.1399999999999,46.404666666666664,2,0.06666666666666667,0.045652725,30.0,0.0008506887866576281,0.000842746279734165,401,399,346,501,334
comercio_2136044151,fraud_Pagac LLC,28,3335.45,119.12321428571428,3,0.10714285714285714,0.10623442,28.0,0.0009173088249353718,0.0009158215198178724,290,293,404,204,184
comercio_2139610898,fraud_Emmerich-Luettgen,14,759.96,54.28285714285715,1,0.07142857142857142,0.05312849,14.0,0.0005941784843591408,0.0005927429976576667,657,654,636,640,293
comercio_2145853434,fraud_Grimes LLC,26,1616.97,62.191153846153846,0,0.0,0.000909842,26.0,0.0008070011549523574,0.0007796658370141334,457,495,449,445,689
comercio_2156320485,"fraud_Labadie, Treutel and Bode",33,10510.85,318.51060606060605,9,0.2727272727272727,0.26803157,33.0,0.0009386548265527799,0.0009816229543043388,268,212,266,35,39
comercio_2160987101,fraud_Bahringer-Larson,15,690.37,46.02466666666667,1,0.06666666666666667,0.051956277,15.0,0.0006231505426792242,0.0006227576053090988,639,637,629,651,297
comercio_2185554168,fraud_Fadel Inc,32,1396.75,43.6484375,2,0.0625,0.032635294,32.0,0.0009341931272410473,0.0009294808380374388,271,271,284,498,421
comercio_2188837209,"fraud_Weimann, Kuhic and Beahan",29,3763.48,129.77517241379311,2,0.06896551724137931,0.08478007,29.0,0.000884740468020344,0.0008723826869671072,344,352,378,188,213
comercio_2201652395,fraud_Auer LLC,32,1184.67,37.0209375,2,0.0625,0.021123534,32.0,0.0009822641442817528,0.0009581623874736918,212,243,285,553,522
comercio_2216720906,"fraud_Stokes, Christiansen and Sipes",14,625.61,44.68642857142857,1,0.07142857142857142,0.050239764,14.0,0.0006036129482479137,0.0006009660992233136,651,651,637,660,303
comercio_2224281926,fraud_Thompson-Gleason,32,1622.25,50.6953125,3,0.09375,0.056741986,32.0,0.0009777068782291624,0.000970200954399619,220,233,286,442,278
comercio_2235953546,fraud_Ruecker Group,18,2775.25,154.18055555555554,3,0.16666666666666666,0.17093742,18.0,0.0007047147446282049,0.0007221321842459179,582,561,591,241,122
comercio_2241231331,fraud_Roberts-Beahan,29,3051.46,105.22275862068966,1,0.034482758620689655,0.032253914,29.0,0.0008074191534879768,0.0008047495408548014,455,452,379,215,424
comercio_2251420413,fraud_Lebsack and Sons,17,3829.22,225.24823529411765,4,0.23529411764705882,0.23655093,17.0,0.0006564227414900474,0.0006719089721856339,614,600,605,184,61
comercio_2296543902,"fraud_Lockman, West and Runte",34,5230.59,153.84088235294118,8,0.23529411764705882,0.23234093,34.0,0.0010767116442397101,0.0011061692057165642,103,84,241,158,65
comercio_2301662005,fraud_Nienow PLC,28,2570.45,91.80178571428571,2,0.07142857142857142,0.07154969,28.0,0.0009198774748081028,0.0009219800587559657,283,284,405,260,241
comercio_2313046033,fraud_Reilly and Sons,32,1737.57,54.2990625,2,0.0625,0.019148031,32.0,0.0008259680566148728,0.0008050620410532798,432,450,287,419,545
comercio_2318733205,fraud_Auer-West,40,12898.17,322.45425,11,0.275,0.26238078,40.0,0.0010388480322567897,0.0010859807533978403,146,100,127,18,44
comercio_2321266927,fraud_Gerlach Inc,45,10101.95,224.4877777777778,8,0.17777777777777778,0.20227583,45.0,0.001130817706870995,0.0011848929688967134,58,40,55,39,95
comercio_2325764593,fraud_Padberg-Rogahn,22,1157.01,52.59136363636364,0,0.0,0.0013666129,22.0,0.0007177367890842596,0.0007052598444896294,570,580,534,560,681
comercio_2325995983,fraud_Hamill-D'Amore,34,2371.18,69.74058823529411,2,0.058823529411764705,0.020818323,34.0,0.0009596306033473598,0.0009535651587118372,238,247,242,290,525
comercio_2336227487,"fraud_Kunze, Larkin and Mayert",14,72.32,5.1657142857142855,0,0.0,0.03629454,14.0,0.0005969843811051928,0.0005845113760838493,656,662,638,689,385
comercio_2339479343,fraud_Kozey-Kuhlman,25,1060.52,42.4208,2,0.08,0.069429055,25.0,0.0008026922438824234,0.0007886042834273458,465,481,470,587,246
comercio_2348127662,fraud_Schulist Ltd,24,1430.15,59.58958333333334,0,0.0,0.026384832,24.0,0.0008498164114768195,0.0008319555392714417,402,413,495,490,483
comercio_2363911062,fraud_Stracke-Lemke,48,7909.66,164.78458333333333,11,0.22916666666666666,0.22287036,48.0,0.0012477813318579282,0.0012998114848060446,20,13,33,78,75
comercio_2365772407,"fraud_Johnston, Nikolaus and Maggio",12,833.54,69.46166666666666,1,0.08333333333333333,0.06276118,12.0,0.0006071464401137251,0.000609817665051863,649,644,659,629,262
comercio_2377821935,fraud_Harris Group,28,1486.73,53.097500000000004,1,0.03571428571428571,0.020163756,28.0,0.0008552780180923953,0.0008382759670597311,387,404,406,480,536
comercio_2385901717,fraud_Johns-Hoeger,24,2078.33,86.59708333333333,1,0.041666666666666664,0.034602776,24.0,0.000692972334547171,0.0006899343439895943,592,587,496,355,399
comercio_2398902729,"fraud_Raynor, Reinger and Hagenes",52,3180.8,61.16923076923077,2,0.038461538461538464,0.039613348,52.0,0.0012204231329063786,0.001194142080766471,24,35,15,210,373
comercio_2463936820,fraud_Gleason-Macejkovic,35,9360.54,267.444,8,0.22857142857142856,0.2228857,35.0,0.0009827158890289072,0.0010214759163400238,211,173,218,50,74
comercio_2473869619,fraud_Turner LLC,16,84.35,5.271875,0,0.0,0.02043847,16.0,0.000725001820448529,0.0007186759230898328,557,563,614,686,531
comercio_2480913859,"fraud_Kohler, Lindgren and Koelpin",15,745.48,49.69866666666667,0,0.0,0.045108438,15.0,0.0005693810390288183,0.000569674389583401,677,675,630,642,339
comercio_2525700088,"fraud_Becker, Harris and Harvey",27,1311.33,48.56777777777778,0,0.0,0.013267075,27.0,0.0007740649458949175,0.0007639844389575824,505,510,424,519,599
comercio_2531500108,fraud_Stark-Koss,33,2282.32,69.16121212121213,1,0.030303030303030304,0.030726328,33.0,0.0009836727664202258,0.0009751686640014306,208,228,267,310,441
comercio_2547394793,fraud_Waelchi-Wolf,26,1379.0,53.03846153846154,0,0.0,0.013462684,26.0,0.0007996294610127163,0.0007844477330797522,472,488,450,508,595
comercio_2548712848,fraud_Kilback LLC,72,9561.48,132.79833333333332,15,0.20833333333333334,0.1828335,72.0,0.001530522796690903,0.0015816932912436836,2,2,2,47,113
comercio_2556546172,fraud_Kihn-Schuster,24,1584.47,66.01958333333333,0,0.0,0.035331905,24.0,0.0007620216037276939,0.0007568658229275738,520,522,497,457,392
comercio_2586173609,fraud_Metz-Boehm,30,3543.94,118.13133333333333,0,0.0,0.003480675,30.0,0.0009445608348203366,0.0009253180383556139,261,279,347,198,663
comercio_2591184239,"fraud_Reichert, Huels and Hoppe",34,11546.77,339.6108823529412,10,0.29411764705882354,0.30174634,34.0,0.0008690765617842396,0.0009028652089948271,363,310,243,24,27
comercio_2597609716,fraud_Shields Inc,15,934.3399999999999,62.289333333333325,0,0.0,0.0065040546,15.0,0.0006103572850453784,0.0006040123453068432,646,648,631,614,642
comercio_2646418449,"fraud_Greenholt, Jacobi and Gleason",46,2890.3,62.832608695652176,3,0.06521739130434782,0.06756817,46.0,0.001131716611488408,0.0011266681660070522,56,67,47,230,250
comercio_2677236854,"fraud_Wintheiser, Dietrich and Schimmel",31,2220.03,71.61387096774195,1,0.03225806451612903,0.02857314,31.0,0.000886015503392518,0.000875533508550239,341,346,314,317,462
comercio_2733774260,fraud_Gottlieb Group,35,1726.86,49.33885714285714,1,0.02857142857142857,0.017460817,35.0,0.0009130395135503085,0.0009018585970051243,296,312,219,422,558
comercio_2739547467,fraud_Bartoletti and Sons,30,1200.08,40.00266666666666,1,0.03333333333333333,0.029031403,30.0,0.000821639828363785,0.000812435635550142,439,442,348,550,457
comercio_2753988307,fraud_Corwin-Collins,36,2228.39,61.899722222222216,2,0.05555555555555555,0.056446433,36.0,0.0010357510370640713,0.0010176795751916754,149,179,197,316,280
comercio_2804352954,fraud_Wilkinson PLC,25,1328.82,53.1528,0,0.0,0.051348176,25.0,0.0007753275831125086,0.0007787136415746967,504,496,471,515,300
comercio_2819127946,fraud_Balistreri-Nader,32,1923.16,60.09875,2,0.0625,0.048050012,32.0,0.0009460431850068009,0.0009330819581620847,257,269,288,382,318
comercio_2826745997,fraud_Champlin and Sons,32,2307.62,72.113125,0,0.0,0.028625978,32.0,0.0008690719868707847,0.0008591780545312219,364,367,289,304,459
comercio_2869222109,"fraud_Larson, Quitzon and Spencer",12,638.0,53.166666666666664,3,0.25,0.08706499,12.0,0.0006437537075033959,0.0006350184365840725,626,628,660,656,210
comercio_2889652634,"fraud_Reinger, Weissnat and Strosin",18,1419.89,78.88277777777779,0,0.0,0.030475404,18.0,0.0006448616605160127,0.0006379176534031996,622,623,592,491,442
comercio_2899384816,"fraud_Kutch, Steuber and Gerhold",21,909.53,43.31095238095238,0,0.0,0.013422468,21.0,0.0007638559893064982,0.0007609524785781596,519,518,546,618,596
comercio_2908452556,"fraud_Schroeder, Hauck and Treutel",27,2990.02,110.74148148148149,2,0.07407407407407407,0.075124934,27.0,0.0008496503146984489,0.0008517688187886314,404,382,425,219,232
comercio_2950963026,fraud_Cartwright PLC,37,1782.95,48.18783783783784,1,0.02702702702702703,0.034500215,37.0,0.0009807319181237997,0.0009619023428617902,214,240,179,411,400
comercio_2973625599,fraud_Fahey Inc,25,1218.78,48.7512,0,0.0,0.0441493,25.0,0.000882358887961878,0.0008743353405976374,348,349,472,544,341
comercio_2981829014,fraud_Conroy Ltd,32,6212.35,194.1359375,4,0.125,0.10741218,32.0,0.000839177837060955,0.000837633869158618,414,406,290,127,182
comercio_3003186161,fraud_Jewess LLC,38,4794.43,126.1692105263158,3,0.07894736842105263,0.077716224,38.0,0.001043942197882112,0.0010519438595663058,140,134,157,166,226
comercio_3031834491,fraud_McGlynn-Heathcote,30,5164.57,172.15233333333333,6,0.2,0.169175,30.0,0.0009096831128485058,0.0009138148063664689,302,296,349,161,126
comercio_3062799272,fraud_Shanahan-Lehner,35,1638.72,46.82057142857143,2,0.05714285714285714,0.04372003,35.0,0.00103194108453659,0.0010274398928094065,154,164,220,438,346
comercio_3081463251,fraud_Howe Ltd,27,1627.01,60.25962962962963,2,0.07407407407407407,0.04547259,27.0,0.0008240446059049519,0.0008078464947639477,434,447,426,440,337
comercio_3096784693,fraud_Cummerata-Jones,37,2150.12,58.111351351351345,6,0.16216216216216217,0.16447964,37.0,0.0009983890168296938,0.000998008488466387,194,195,180,336,130
comercio_3105338140,fraud_Sporer-Keebler,30,1255.3,41.843333333333334,1,0.03333333333333333,0.015992483,30.0,0.0009217512102322129,0.00089820552528161,281,316,350,536,571
comercio_3131771934,fraud_Kessler Inc,14,881.4,62.957142857142856,0,0.0,0.034222424,14.0,0.0005842622574651923,0.0005864074232786558,665,659,639,620,401
comercio_3140468656,fraud_Lynch-Wisozk,43,2295.81,53.39093023255814,3,0.06976744186046512,0.04390522,43.0,0.0010641541407372956,0.001035798912877249,119,154,84,307,343
comercio_3165176574,fraud_Bradtke PLC,42,6188.71,147.3502380952381,7,0.16666666666666666,0.18463115,42.0,0.001034526094423913,0.0010476776865374392,151,139,101,129,112
comercio_3177677815,fraud_Kutch and Sons,44,6333.76,143.94909090909093,10,0.22727272727272727,0.22666183,44.0,0.0010653493141320619,0.0011066606452298457,118,83,64,125,70
comercio_3204613295,fraud_Kutch-Hegmann,19,1139.23,59.95947368421053,0,0.0,0.00916588,19.0,0.000640109292163284,0.0006352087620138054,628,627,569,565,624
comercio_3227457553,"fraud_Altenwerth, Cartwright and Koss",40,14626.41,365.66025,14,0.35,0.342597,40.0,0.0010441577270992768,0.0011024372014508156,139,86,128,13,12
comercio_3231438315,fraud_Wilkinson LLC,33,1725.21,52.27909090909091,0,0.0,0.032352883,33.0,0.0008894886110131843,0.0008704514661623184,334,355,268,423,423
comercio_3258835399,fraud_Brekke and Sons,49,3091.15,63.084693877551025,2,0.04081632653061224,0.058219355,49.0,0.0012859924117503555,0.001282415115041635,13,15,28,212,271
comercio_3263773967,fraud_Heller-Langosh,42,2522.64,60.06285714285714,2,0.047619047619047616,0.050146494,42.0,0.0010906630790360303,0.0010615269247254103,87,125,102,269,305
comercio_3285728188,fraud_Bashirian Group,45,17313.28,384.7395555555555,15,0.3333333333333333,0.30974084,45.0,0.0010313551351049497,0.0011010589662074908,155,87,56,6,23
comercio_3303065340,fraud_Ankunding LLC,29,6931.49,239.01689655172413,5,0.1724137931034483,0.17009406,29.0,0.000882334215571988,0.0009034744950577885,349,307,380,104,124
comercio_3304385439,fraud_Howe PLC,25,2828.38,113.1352,2,0.08,0.08647778,25.0,0.0009055771194022108,0.0009017419444583333,309,313,473,238,211
comercio_3313212754,fraud_Prohaska-Murray,37,2173.53,58.74405405405406,3,0.08108108108108109,0.08151297,37.0,0.0010950361157226393,0.0010817588136311429,84,107,181,332,218
comercio_3314952796,"fraud_Greenfelder, Bartoletti and Davis",19,2783.26,146.48736842105265,1,0.05263157894736842,0.069353424,19.0,0.000674474219692268,0.0006660445401714779,600,604,570,240,247
comercio_3354599619,fraud_Fritsch LLC,19,981.35,51.65,1,0.05263157894736842,0.047431424,19.0,0.0007146373685120731,0.0007130825806507026,573,568,571,605,321
comercio_3384366204,fraud_Mohr Inc,24,5648.1,235.3375,3,0.125,0.11818791,24.0,0.0008009168997204204,0.0008177470114305207,467,434,498,144,169
comercio_3407721388,fraud_Durgan-Auer,30,9085.18,302.83933333333334,7,0.23333333333333334,0.246722,30.0,0.0009980931867115917,0.0010185492400079186,195,177,351,55,53
comercio_3408579440,"fraud_Metz, Russel and Metz",30,1647.71,54.92366666666667,1,0.03333333333333333,0.039820287,30.0,0.0008889648387694187,0.0008799840536628449,336,336,352,434,369
comercio_3411897755,fraud_Dickinson Ltd,60,3354.64,55.910666666666664,1,0.016666666666666666,0.01650201,60.0,0.0012964287501481826,0.0012748259132865833,9,17,4,203,565
comercio_3415292876,"fraud_Towne, Walker and Borer",13,613.19,47.16846153846154,1,0.07692307692307693,0.070672095,13.0,0.000585234687628514,0.0005858330788083664,663,660,648,663,244
comercio_3428262569,"fraud_Baumbach, Hodkiewicz and Walsh",47,11052.15,235.15212765957446,8,0.1702127659574468,0.1469527,47.0,0.0012473742738285214,0.0012587140981223353,21,23,38,28,149
comercio_3452530885,fraud_Johns Inc,30,1279.45,42.64833333333333,0,0.0,0.0007565716,30.0,0.0008874308374746782,0.0008686390904729166,339,359,353,529,692
comercio_3457052304,fraud_Thiel-Thiel,30,2172.54,72.41799999999999,0,0.0,0.005116761,30.0,0.0008860304077893037,0.0008777347528237909,340,340,354,333,657
comercio_3460529441,"fraud_Weber, Thiel and Hammes",38,2549.7,67.09736842105262,1,0.02631578947368421,0.047300704,38.0,0.0011390727995017216,0.0011315272401509744,52,64,158,263,323
comercio_3473432236,fraud_Pfeffer and Sons,27,3457.38,128.0511111111111,1,0.037037037037037035,0.06590853,27.0,0.0008017901858487343,0.0008008124144462141,466,458,427,201,255
comercio_3498589571,fraud_Keeling-Crist,13,1066.1499999999999,82.01153846153845,1,0.07692307692307693,0.094577275,13.0,0.0005732788982874082,0.0005780657257111828,675,670,649,585,198
comercio_3513768151,"fraud_Crist, Jakubowski and Littel",29,2019.45,69.63620689655173,1,0.034482758620689655,0.0041049244,29.0,0.0008438331673065599,0.0008291607661880117,409,417,381,364,661
comercio_3530720523,fraud_Miller-Harris,28,9139.53,326.4117857142857,7,0.25,0.2803549,28.0,0.0009141524975528252,0.0009545030437292302,294,246,407,53,31
comercio_3531002951,fraud_Terry Ltd,37,2697.14,72.89567567567568,2,0.05405405405405406,0.04563664,37.0,0.0008586801080449817,0.0008438442573849316,381,394,182,248,335
comercio_3537054179,fraud_Kutch Group,12,627.22,52.26833333333334,1,0.08333333333333333,0.070831,12.0,0.0006315804410640704,0.0006353236286467184,631,626,661,659,243
comercio_3541069330,fraud_Bednar Inc,11,1977.32,179.75636363636363,2,0.18181818181818182,0.04836866,11.0,0.000569340310969428,0.0005552183459671704,678,682,672,375,316
comercio_3566923394,fraud_Ledner-Pfannerstill,47,2863.82,60.93234042553192,3,0.06382978723404255,0.06448127,47.0,0.0010806250247204518,0.001068060650719258,99,113,39,236,257
comercio_3574594324,fraud_Block-Hauck,11,606.72,55.156363636363636,1,0.09090909090909091,0.0417215,11.0,0.0005782254152025951,0.0005620677151517094,670,677,673,665,357
comercio_3574880902,fraud_Ortiz Group,8,408.66,51.0825,0,0.0,0.0020584776,8.0,0.0005493001677690333,0.0005397705455300119,686,688,691,681,673
comercio_3578309304,fraud_Morissette LLC,25,2094.88,83.79520000000001,2,0.08,0.0759732,25.0,0.0007906527688740713,0.0007904057844436351,485,472,474,352,231
comercio_3595173981,fraud_Funk Group,15,914.72,60.98133333333333,2,0.13333333333333333,0.054773346,15.0,0.0006706191115161982,0.0006616863772800899,602,609,632,616,286
comercio_3595538369,fraud_Pfeffer LLC,11,652.31,59.30090909090909,0,0.0,0.0075529367,11.0,0.0005435276221818075,0.0005408918046791494,687,687,674,652,636
comercio_3597790109,fraud_Crona and Sons,30,1675.09,55.83633333333333,1,0.03333333333333333,0.021346042,30.0,0.0010830830099211606,0.0010632915118646221,96,122,355,429,520
comercio_3626528809,"fraud_Prosacco, Kreiger and Kovacek",35,1553.87,44.39628571428571,0,0.0,0.0014985274,35.0,0.0009449399333325149,0.0009209332939480506,259,285,221,468,678
comercio_3665873972,"fraud_Goyette, Howell and Collier",33,6449.91,195.45181818181817,2,0.06060606060606061,0.07781255,33.0,0.0009167306056871587,0.0009168452506129242,292,290,269,119,225
comercio_3682749201,fraud_Stamm-Rodriguez,38,2123.28,55.875789473684215,3,0.07894736842105263,0.07114261,38.0,0.0010230298688756066,0.0010311016075921049,164,160,159,345,242
comercio_3685117950,"fraud_Reichert, Rowe and Mraz",34,7022.92,206.5564705882353,5,0.14705882352941177,0.1451322,34.0,0.0009135379887905876,0.0009162352654602453,295,292,244,99,151
comercio_3710667309,"fraud_Schaefer, McGlynn and Bosco",32,1983.07,61.9709375,1,0.03125,0.029642068,32.0,0.0008333491837817079,0.000813362870685677,422,440,291,374,450
comercio_3729897514,fraud_Beier LLC,28,2334.4700000000003,83.37392857142858,1,0.03571428571428571,0.041858308,28.0,0.0011055611828444459,0.0011073659977198645,77,82,408,296,356
comercio_3733940630,fraud_Pouros-Conroy,51,8316.74,163.07333333333332,4,0.0784313725490196,0.08039936,51.0,0.0011383915060962097,0.0011484165879165748,53,54,17,63,220
comercio_3744261370,"fraud_Zemlak, Tillman and Cremin",26,1308.78,50.33769230769231,1,0.038461538461538464,0.014962886,26.0,0.0008069338230789377,0.0007982343507477862,459,461,451,521,581
comercio_3751996569,"fraud_Schoen, Nienow and Bauch",35,1717.89,49.082571428571434,2,0.05714285714285714,0.027285999,35.0,0.001009635806799122,0.001002641946534573,177,192,222,424,471
comercio_3796901891,fraud_Cassin-Harvey,14,853.26,60.94714285714286,1,0.07142857142857142,0.06217312,14.0,0.0006471446694220404,0.000644264451587855,618,620,640,626,263
comercio_3811132389,fraud_Pacocha-O'Reilly,52,7359.95,141.5375,8,0.15384615384615385,0.15314002,52.0,0.0013138345246259,0.0013476212229953776,7,7,16,87,143
comercio_3851370110,fraud_Romaguera Ltd,32,1391.17,43.4740625,1,0.03125,0.016142558,32.0,0.0008525773722256132,0.0008425649478544368,395,400,292,503,569
comercio_3868503767,fraud_Goyette-Herzog,18,2485.95,138.10833333333332,0,0.0,0.012246449,18.0,0.000704261421295973,0.000691982042764324,584,586,593,277,609
comercio_3885073441,fraud_Kuphal-Predovic,28,3471.52,123.98285714285714,3,0.10714285714285714,0.1136054,28.0,0.0009251660005867354,0.0009368309029067554,279,264,409,200,175
comercio_3895276308,fraud_Kutch LLC,41,2515.89,61.363170731707314,3,0.07317073170731707,0.07061915,41.0,0.0009790711340103048,0.0009576033314566069,217,244,115,270,245
comercio_3897381724,"fraud_Roberts, Ryan and Smith",29,1451.38,50.047586206896554,3,0.10344827586206896,0.05047086,29.0,0.000842750871473434,0.0008268387616566881,410,420,382,485,302
comercio_3959585582,"fraud_Osinski, Ledner and Leuschke",43,6749.23,156.95883720930232,11,0.2558139534883721,0.2593492,43.0,0.0009790534788877705,0.0010322855683837008,218,157,85,110,47
comercio_3966530071,fraud_Kiehn-Emmerich,47,7866.99,167.3827659574468,12,0.2553191489361702,0.26664537,47.0,0.0010819752950070325,0.0011404670479803348,98,58,40,79,40
comercio_3979760324,"fraud_Douglas, Schneider and Turner",42,4110.15,97.86071428571428,1,0.023809523809523808,0.030931631,42.0,0.0010558184078504616,0.0010502338934119018,125,135,103,178,436
comercio_3988783008,"fraud_Moen, Reinger and Murphy",42,7157.2,170.40952380952382,12,0.2857142857142857,0.27989826,42.0,0.001047129406972899,0.0010889068198104395,133,96,104,93,32
comercio_4001694395,fraud_Ankunding-Carroll,11,3770.2699999999995,342.7518181818181,1,0.09090909090909091,0.10882418,11.0,0.0005605591580528035,0.0005732735117304253,680,673,675,187,180
comercio_4072841532,fraud_Huel Ltd,28,6073.37,216.90607142857144,5,0.17857142857142858,0.19565849,28.0,0.0008201933602918116,0.0008549352494540417,441,376,410,134,102
comercio_4073601495,"fraud_Langworth, Boehm and Gulgowski",42,16609.94,395.47476190476186,13,0.30952380952380953,0.31586355,42.0,0.001054500396627401,0.0011219955982199803,128,71,105,7,20
comercio_4135203853,"fraud_Huel, Hammes and Witting",47,7827.75,166.54787234042553,13,0.2765957446808511,0.26555246,47.0,0.001224163689270015,0.001273143137228775,23,20,41,80,41
comercio_4158701689,"fraud_Lehner, Reichert and Mills",43,3855.44,89.66139534883722,3,0.06976744186046512,0.05396945,43.0,0.0010782547586301453,0.0010660605895905907,101,119,86,181,290
comercio_4166674692,"fraud_Mosciski, Gislason and Mertz",35,5609.4,160.26857142857142,8,0.22857142857142856,0.23266736,35.0,0.0009686838988860385,0.0009955136830399288,232,200,223,147,64
comercio_4176896791,fraud_Flatley-Durgan,30,6474.3,215.81,6,0.2,0.17985661,30.0,0.0008494357849373627,0.0008629310426649759,405,361,356,117,115
comercio_4194707135,fraud_Barton Inc,36,5282.72,146.74222222222224,6,0.16666666666666666,0.16395453,36.0,0.0008982460829123411,0.0009292974463000541,321,272,198,153,131
comercio_4237177334,fraud_Spinka Inc,22,1305.47,59.33954545454546,1,0.045454545454545456,0.045370426,22.0,0.000745417872977086,0.0007313761493487625,538,552,535,522,338
comercio_4282764214,"fraud_Terry, Johns and Bins",28,1089.77,38.92035714285714,2,0.07142857142857142,0.04941665,28.0,0.0008055803268080981,0.0007980239489872099,462,462,411,580,310
comercio_4288800267,"fraud_Feil, Hilpert and Koss",35,2213.65,63.24714285714286,1,0.02857142857142857,0.023253754,35.0,0.001066134904979049,0.001045052823028182,116,145,224,319,505
comercio_4416256884,fraud_Hyatt-Blick,13,64.62,4.970769230769231,1,0.07692307692307693,0.032196574,13.0,0.0005803385199343266,0.0005795338098349397,669,668,650,690,425
comercio_4429710999,fraud_Larkin Ltd,32,1812.22,56.631875,0,0.0,0.014702225,32.0,0.0008061514450819347,0.0007918216492683012,460,467,293,405,584
comercio_4430056597,fraud_Cruickshank-Mills,22,2143.89,97.44954545454544,1,0.045454545454545456,0.04589832,22.0,0.0007198279798229873,0.0007164535093008957,567,566,536,339,331
comercio_4440057419,fraud_Renner Ltd,37,2806.68,75.85621621621621,2,0.05405405405405406,0.023254618,37.0,0.0009592789609959844,0.0009364136237758405,240,265,183,239,504
comercio_4451395857,"fraud_Bahringer, Schoen and Corkery",35,4978.64,142.24685714285715,4,0.11428571428571428,0.1125805,35.0,0.0009799558992330112,0.0009883800972059903,215,208,225,163,177
comercio_4465036121,fraud_Dooley-Thompson,25,5834.41,233.3764,5,0.2,0.19957992,25.0,0.0007851089342608019,0.0008111150486004798,492,445,475,136,99
comercio_4466298412,fraud_Ullrich Ltd,32,1514.96,47.3425,1,0.03125,0.048181247,32.0,0.0007807279279226301,0.0007712028178474248,497,503,294,477,317
comercio_4467277142,"fraud_Adams, Kovacek and Kuhlman",24,1310.65,54.61041666666667,1,0.041666666666666664,0.015174437,24.0,0.0006924436418753895,0.000675123232503877,593,598,499,520,579
comercio_4478555580,fraud_Kassulke Inc,32,3088.67,96.5209375,2,0.0625,0.06450509,32.0,0.0008874995014528866,0.0008791474320618165,338,337,295,213,256
comercio_4478644804,fraud_Volkman PLC,23,1321.39,57.45173913043479,0,0.0,0.008551477,23.0,0.0008389039447752307,0.0008298968817317573,415,416,523,516,629
comercio_4485945820,"fraud_McLaughlin, Armstrong and Koepp",12,1017.01,84.75083333333333,1,0.08333333333333333,0.02763018,12.0,0.0005554255621126072,0.0005438589872344392,684,686,662,599,467
comercio_4498948536,fraud_Kerluke-Abshire,41,10975.289999999999,267.69,9,0.21951219512195122,0.22193938,41.0,0.000969074615072942,0.0009957222980347907,231,198,116,29,76
comercio_4502045683,fraud_Kulas Group,16,1097.38,68.58625,0,0.0,0.012269369,16.0,0.0006440705120771009,0.0006367927881925996,624,624,615,576,608
comercio_4510167191,fraud_Weber and Sons,29,1391.7,47.9896551724138,0,0.0,0.021901952,29.0,0.0008327105314201113,0.0008177343277490857,423,435,383,502,519
comercio_4525639424,fraud_Fisher-Schowalter,42,9645.01,229.64309523809524,8,0.19047619047619047,0.18728706,42.0,0.0009447039293065813,0.0009707130075898905,260,232,106,44,109
comercio_4535801324,fraud_McCullough LLC,18,2416.53,134.25166666666667,1,0.05555555555555555,0.06688578,18.0,0.0006631364983014015,0.0006618201959033675,610,608,594,281,252
comercio_4540706228,fraud_Bogisich Inc,38,5955.32,156.71894736842106,6,0.15789473684210525,0.17637873,38.0,0.001055201090682584,0.001087993805283973,127,97,160,135,119
comercio_4565072113,fraud_Bernhard Inc,36,2126.61,59.072500000000005,3,0.08333333333333333,0.08481198,36.0,0.001067317303477296,0.0010637176394680654,115,121,199,342,212
comercio_4568538815,fraud_Gibson-Deckow,23,2011.0,87.43478260869566,2,0.08695652173913043,0.07263927,23.0,0.0007533241782057455,0.0007507324540770409,528,530,524,367,237
comercio_4570847832,fraud_Donnelly LLC,22,2209.06,100.41181818181818,1,0.045454545454545456,0.04687011,22.0,0.0007261483054504877,0.0007266171547135487,556,557,537,320,324
comercio_4571917091,fraud_Bednar PLC,31,1586.25,51.16935483870968,2,0.06451612903225806,0.039935734,31.0,0.0009620004373070222,0.0009493774904519736,237,249,315,454,367
comercio_4588315370,fraud_Roob LLC,9,542.92,60.32444444444444,0,0.0,0.001713862,9.0,0.0005325736179671119,0.0005225567213597173,691,691,687,674,675
comercio_4590295184,"fraud_Monahan, Hermann and Johns",8,1098.67,137.33375,0,0.0,0.028890464,8.0,0.0005912773341631806,0.0005919503384499357,660,656,692,575,458
comercio_4590672891,fraud_Kris-Padberg,37,7556.94,204.24162162162162,6,0.16216216216216217,0.15427871,37.0,0.001028766309652223,0.0010462910367320416,159,140,184,86,141
comercio_4624476344,fraud_Leannon-Nikolaus,12,60.53,5.0441666666666665,1,0.08333333333333333,0.008810868,12.0,0.0006011075401111017,0.0005874687643377566,652,657,663,691,627
comercio_4628744085,"fraud_Brown, Homenick and Lesch",22,830.21,37.73681818181819,0,0.0,0.018417101,22.0,0.000799733201739078,0.000794645946665702,471,464,538,630,552
comercio_4678318945,"fraud_Jenkins, Hauck and Friesen",44,2513.35,57.121590909090905,4,0.09090909090909091,0.06857104,44.0,0.0011284463994360502,0.0011141201333876958,59,78,65,271,248
comercio_4693580805,fraud_Smitham-Boehm,17,911.86,53.638823529411766,0,0.0,0.02649133,17.0,0.0006297711510265627,0.0006251493885978793,633,634,606,617,481
comercio_4696771606,fraud_Kuphal-Bartoletti,21,7260.04,345.7161904761905,7,0.3333333333333333,0.35092863,21.0,0.0007478357304137996,0.0007838004292501609,537,490,547,88,9
comercio_4701676311,fraud_Kovacek Ltd,16,579.8100000000001,36.238125000000004,3,0.1875,0.029520424,16.0,0.000645860685693343,0.0006252155938712857,620,633,616,671,453
comercio_4707299272,fraud_Schimmel-Olson,41,2347.74,57.26195121951219,2,0.04878048780487805,0.032622095,41.0,0.0010458235636320542,0.0010221287884845417,135,170,117,292,422
comercio_4715580679,fraud_Deckow-O'Conner,51,6826.41,133.85117647058823,8,0.1568627450980392,0.14486489,51.0,0.001252342290522292,0.001281181233805183,19,16,18,109,153
comercio_4722432262,"fraud_Runolfsdottir, Mueller and Hand",33,2096.8,63.539393939393946,0,0.0,0.0018480595,33.0,0.0009147053095940107,0.0009029518868486553,293,309,270,351,674
comercio_4735535653,"fraud_Goldner, Kovacek and Abbott",34,5309.79,156.17029411764705,8,0.23529411764705882,0.21835214,34.0,0.0009529138353970436,0.0009778381689507889,248,222,245,152,78
comercio_4744000769,fraud_Kunze Inc,50,7923.72,158.4744,12,0.24,0.23013495,50.0,0.0011054421838213768,0.0011671710207239341,78,48,22,76,66
comercio_4759443744,fraud_Kessler Group,10,1753.63,175.363,0,0.0,0.08760534,10.0,0.0005429135541921891,0.0005508376354516529,689,683,685,415,208
comercio_4765346949,"fraud_Ritchie, Bradtke and Stiedemann",11,597.6600000000001,54.33272727272728,0,0.0,0.050879814,11.0,0.0006270867596226486,0.0006319683880209789,636,632,676,667,301
comercio_4769057019,fraud_O'Keefe-Hudson,56,8910.41,159.1144642857143,13,0.23214285714285715,0.2520496,56.0,0.0011767622316835248,0.0012496996690942487,40,25,8,57,52
comercio_4775572406,fraud_Homenick LLC,38,1574.54,41.43526315789474,4,0.10526315789473684,0.030861465,38.0,0.0009761678941363787,0.000942886572372629,224,258,161,461,440
comercio_4790624355,fraud_Deckow-Dare,33,1297.84,39.32848484848485,0,0.0,0.008172976,33.0,0.0008768403093691632,0.0008636055213724056,356,360,271,525,632
comercio_4796061986,"fraud_O'Connell, Botsford and Hand",38,2147.02,56.50052631578947,0,0.0,0.0010040542,38.0,0.0010437328626905192,0.0010172927029254229,141,180,162,338,686
comercio_4803101386,"fraud_Hyatt, Russel and Gleichner",26,1249.95,48.075,2,0.07692307692307693,0.025991824,26.0,0.0009568461362785888,0.0009456740165532315,244,253,452,539,486
comercio_4804562429,fraud_Friesen-Stamm,38,2261.3,59.50789473684211,2,0.05263157894736842,0.041962016,38.0,0.0010089072646463576,0.0010036774534435827,180,191,163,311,355
comercio_4806559634,fraud_Herzog Ltd,26,1561.69,60.065000000000005,1,0.038461538461538464,0.018526288,26.0,0.000827653708827644,0.0008224766678204419,430,428,453,466,548
comercio_4821266538,fraud_Kling Inc,39,2318.68,59.453333333333326,3,0.07692307692307693,0.07600526,39.0,0.0009507805310855563,0.0009492194831221849,252,250,142,298,230
comercio_4844158668,fraud_Parisian and Sons,57,3006.13,52.739122807017544,9,0.15789473684210525,0.13480945,57.0,0.001189401715943473,0.0011892624434389422,33,39,7,217,159
comercio_4870043219,fraud_Koss and Sons,33,1914.72,58.02181818181818,3,0.09090909090909091,0.078263685,33.0,0.0009193807982660029,0.0009313224435738723,285,270,272,383,224
comercio_4883317232,"fraud_Witting, Beer and Ernser",35,1989.4199999999998,56.84057142857142,1,0.02857142857142857,0.0069381027,35.0,0.0008629907512607733,0.0008453644513435306,374,391,226,372,640
comercio_4887060013,fraud_Barrows PLC,43,6122.27,142.37837209302327,5,0.11627906976744186,0.09696956,43.0,0.0010868260078522908,0.0010817827316946353,91,106,87,131,195
comercio_4895922941,fraud_Dare-Marvin,25,1912.25,76.49,1,0.04,0.040291637,25.0,0.0007306035081375962,0.0007185742747126828,551,564,476,387,361
comercio_4909323549,fraud_Little-Gleichner,14,2121.6800000000003,151.54857142857145,2,0.14285714285714285,0.04959337,14.0,0.0006389147043783808,0.0006319690861310259,630,631,641,346,308
comercio_4924007121,fraud_Schamberger-O'Keefe,50,7564.9,151.298,9,0.18,0.1825438,50.0,0.0012997445616096306,0.0013302461240153783,8,11,23,85,114
comercio_4941065148,fraud_Kunde-Sanford,23,2002.6499999999999,87.07173913043478,2,0.08695652173913043,0.09015644,23.0,0.000756963854616649,0.0007505426480310143,523,531,525,370,205
comercio_4989505886,fraud_Goodwin-Nitzsche,43,6694.25,155.68023255813952,10,0.23255813953488372,0.23008606,43.0,0.001003861050029884,0.0010398597770296379,183,148,88,111,67
comercio_4991863470,fraud_Volkman Ltd,24,7025.6,292.73333333333335,8,0.3333333333333333,0.30287912,24.0,0.0007192391588242998,0.0007562211768290881,568,525,500,98,26
comercio_4992661599,fraud_Medhurst Inc,28,1576.32,56.29714285714285,0,0.0,0.00565411,28.0,0.000754470404522075,0.0007490961814630451,526,533,412,460,649
comercio_4996894889,fraud_Kris-Kertzmann,12,1914.13,159.51083333333335,1,0.08333333333333333,0.012637683,12.0,0.000543357684520748,0.0005362305411140722,688,689,664,384,605
comercio_5014690071,"fraud_Wuckert, Wintheiser and Friesen",44,2988.91,67.92977272727272,3,0.06818181818181818,0.06637786,44.0,0.001002777912784009,0.000990449103475228,190,206,66,220,253
comercio_5043882604,"fraud_Lehner, Mosciski and King",20,4690.04,234.502,5,0.25,0.23836927,20.0,0.0007235849281528262,0.0007422591449276511,561,543,557,169,60
comercio_5049373545,fraud_Eichmann-Russel,31,3816.24,123.10451612903225,2,0.06451612903225806,0.081299044,31.0,0.0009373248406974727,0.0009380751589379948,269,262,316,185,219
comercio_5049976129,"fraud_Haley, Batz and Auer",19,1255.27,66.06684210526316,1,0.05263157894736842,0.03523168,19.0,0.0006634739650184815,0.0006557057822334484,609,611,572,537,393
comercio_5055690287,fraud_Mohr-Bayer,44,10643.83,241.90522727272727,7,0.1590909090909091,0.19285351,44.0,0.0011109854477455467,0.0011541729354725882,74,51,67,34,106
comercio_5060390739,"fraud_O'Reilly, Mohr and Purdy",32,2677.92,83.685,3,0.09375,0.04348681,32.0,0.0009066503992733135,0.0009011472774250301,307,314,296,253,347
comercio_5082370906,fraud_Lynch-Mohr,11,77.71000000000001,7.064545454545455,1,0.09090909090909091,0.053057015,11.0,0.0005778257535481259,0.0005818829134857119,671,666,677,688,294
comercio_5082406948,fraud_Heidenreich PLC,41,5265.16,128.41853658536584,5,0.12195121951219512,0.10592139,41.0,0.0011133972956156367,0.001109994053790084,72,80,118,155,185
comercio_5093073645,"fraud_Swift, Bradtke and Marquardt",12,505.77,42.1475,3,0.25,0.10538072,12.0,0.0005851879267287609,0.0005826945111640431,664,665,665,678,186
comercio_5122616516,fraud_Langworth LLC,24,1216.5,50.6875,3,0.125,0.03628617,24.0,0.0007245246367300091,0.0007065336518356798,558,577,501,545,386
comercio_5124817458,"fraud_Graham, Hegmann and Hammes",29,1393.0,48.03448275862069,1,0.034482758620689655,0.02026133,29.0,0.0007649872401019581,0.0007564449543010608,518,524,384,500,533
comercio_5156551468,"fraud_Moore, Williamson and Emmerich",41,2335.44,56.961951219512194,0,0.0,0.00289304,41.0,0.0011599705085517465,0.0011360836239933051,45,62,119,294,668
comercio_5159285985,"fraud_Romaguera, Wehner and Tromp",44,2422.87,55.06522727272727,0,0.0,0.017331375,44.0,0.0011526299930972924,0.0011415126935636107,48,57,68,280,559
comercio_5160774717,fraud_Kuphal-Toy,30,1635.44,54.51466666666667,0,0.0,0.009329375,30.0,0.0009187360717065876,0.0009075125784884523,287,303,357,439,623
comercio_5176541543,fraud_Waters-Cruickshank,28,1444.45,51.5875,1,0.03571428571428571,0.022946747,28.0,0.0007404814020905211,0.000729181786733845,544,554,413,487,507
comercio_5207219562,fraud_Kuhic LLC,44,16013.63,363.94613636363636,14,0.3181818181818182,0.29114345,44.0,0.0011186545489242498,0.001179227827231062,68,42,69,8,28
comercio_5210768089,"fraud_Ferry, Reichel and DuBuque",16,730.11,45.631875,2,0.125,0.11276705,16.0,0.0006761609582752174,0.0006818481633497678,599,593,617,644,176
comercio_5211417467,"fraud_Kerluke, Considine and Macejkovic",26,5387.73,207.2203846153846,5,0.19230769230769232,0.19383262,26.0,0.0007481016736036216,0.0007545280820506695,536,527,454,149,104
comercio_5221849365,"fraud_Schaefer, Fay and Hilll",27,1900.17,70.37666666666667,0,0.0,0.0015282491,27.0,0.0008725005356896311,0.0008523056741587542,360,380,428,388,677
comercio_5223174485,fraud_Halvorson Group,24,877.51,36.562916666666666,3,0.125,0.029596685,24.0,0.000752810151328993,0.0007433448682629578,529,542,502,622,451
comercio_5224613445,"fraud_Mueller, Gerhold and Mueller",27,1177.93,43.62703703703704,1,0.037037037037037035,0.021206973,27.0,0.0009168021024232304,0.000912584307460721,291,298,429,555,521
comercio_5237775559,"fraud_Kovacek, Dibbert and Ondricka",48,7005.03,145.93812499999999,10,0.20833333333333334,0.19804783,48.0,0.0010892093289578055,0.001114343409821546,88,77,34,100,101
comercio_5241414410,"fraud_Hagenes, Hermann and Stroman",13,566.23,43.55615384615385,1,0.07692307692307693,0.052476984,13.0,0.0006420931758736018,0.0006446844068526515,627,619,651,673,295
comercio_5243007611,fraud_Towne LLC,20,1155.74,57.787,1,0.05,0.04673021,20.0,0.0006516028909220208,0.0006478531859334516,615,618,558,562,326
comercio_5251167978,fraud_Schmidt-Larkin,34,2392.77,70.37558823529412,1,0.029411764705882353,0.03291601,34.0,0.0010137227227287678,0.0009963767605161461,172,197,246,286,417
comercio_5280941309,fraud_Strosin-Cruickshank,39,6919.24,177.41641025641024,12,0.3076923076923077,0.28535467,39.0,0.0009829787362731946,0.0010248148862750848,209,167,143,105,30
comercio_5291925939,fraud_Dibbert-Green,29,2033.36,70.11586206896551,1,0.034482758620689655,0.03484205,29.0,0.0008514522863884412,0.0008354480546965537,399,408,385,362,395
comercio_5295896219,fraud_McDermott-Weimann,42,6390.5,152.1547619047619,9,0.21428571428571427,0.20386818,42.0,0.0009700108315720506,0.0010135940926368416,227,182,107,121,93
comercio_5300627982,"fraud_Schroeder, Wolff and Hermiston",16,1022.22,63.88875,2,0.125,0.03088525,16.0,0.0007975335461387551,0.0007894504219226171,474,476,618,597,438
comercio_5312613850,"fraud_Swaniawski, Lowe and Robel",44,12997.66,295.4013636363636,10,0.22727272727272727,0.20017387,44.0,0.0011704077504178228,0.00119120503378416,43,37,70,16,97
comercio_5322464771,fraud_Bogisich-Weimann,30,2450.04,81.66799999999999,0,0.0,0.0059066177,30.0,0.001019963827367163,0.000995698618686805,167,199,358,278,648
comercio_5325246243,fraud_Dietrich-Fadel,23,921.29,40.05608695652174,0,0.0,0.026412686,23.0,0.0007292859522025563,0.0007286473191020088,552,555,526,615,482
comercio_5334149348,"fraud_Torp, Muller and Borer",27,1593.3899999999999,59.01444444444444,0,0.0,0.010759834,27.0,0.0009107981389591416,0.0009040185357890746,300,306,430,452,617
comercio_5343262143,"fraud_Kerluke, Kertzmann and Wiza",30,7102.29,236.743,8,0.26666666666666666,0.25291505,30.0,0.0008550598322248595,0.0008748019732470079,389,347,359,95,50
comercio_5348371487,fraud_Corwin-Romaguera,15,1205.0,80.33333333333333,2,0.13333333333333333,0.057117414,15.0,0.0007507252892027086,0.0007472468402431005,532,537,633,546,275
comercio_5353387282,"fraud_Morissette, Weber and Wiegand",14,855.9300000000001,61.13785714285715,0,0.0,0.0056179995,14.0,0.0005855940190184593,0.0005827734547431278,662,664,642,625,651
comercio_5378020703,fraud_Bins-Howell,26,1417.75,54.52884615384615,1,0.038461538461538464,0.0349804,26.0,0.0008303157909087333,0.0008210734953481314,425,431,455,493,394
comercio_5406949560,"fraud_Medhurst, Labadie and Gottlieb",20,505.46999999999997,25.2735,0,0.0,0.045962583,20.0,0.0007500676303863311,0.0007499162256694558,534,532,559,679,330
comercio_5413763160,fraud_Smitham-Schiller,15,721.1899999999999,48.07933333333333,1,0.06666666666666667,0.058842022,15.0,0.0006132693551825344,0.000609322329272632,643,645,634,645,268
comercio_5437444908,fraud_Kuhn Group,22,1058.77,48.12590909090909,1,0.045454545454545456,0.018478632,22.0,0.0007150388112121039,0.000707042361751674,572,576,539,589,549
comercio_5444208061,fraud_Streich Ltd,27,1261.59,46.72555555555555,0,0.0,0.0011674574,27.0,0.0008104910666968616,0.0007983628621705082,450,460,431,533,683
comercio_5456449464,fraud_Jast Ltd,34,10120.66,297.6664705882353,9,0.2647058823529412,0.27627885,34.0,0.0008459389085206308,0.0008871169849536722,407,330,247,38,35
comercio_5461287394,fraud_Harris Inc,35,2166.66,61.90457142857142,1,0.02857142857142857,0.03152665,35.0,0.00103445681049811,0.0010299965710405489,152,161,227,334,430
comercio_5471053115,fraud_Price Inc,29,11606.25,400.2155172413793,9,0.3103448275862069,0.31678474,29.0,0.0008741156287520695,0.0009005335833899402,359,315,386,23,19
comercio_5479473301,fraud_Doyle Ltd,43,6999.63,162.7820930232558,10,0.23255813953488372,0.22524472,43.0,0.0009480485112908828,0.0009808050059890647,254,216,89,101,72
comercio_5487941484,"fraud_Durgan, Gislason and Spencer",49,2215.07,45.205510204081634,1,0.02040816326530612,0.01993606,49.0,0.0011179100140613746,0.001094388220911892,69,95,29,318,540
comercio_5493102293,fraud_Gleason and Sons,34,1596.06,46.94294117647058,1,0.029411764705882353,0.017292347,34.0,0.0009387103686647588,0.0009223770936755218,267,283,248,450,560
comercio_5523866530,fraud_Leffler-Goldner,37,2124.49,57.41864864864864,1,0.02702702702702703,0.034221217,37.0,0.0009974138489945393,0.0009975205516378777,197,196,185,344,402
comercio_5544004433,fraud_Erdman-Schaden,26,1065.7,40.98846153846154,4,0.15384615384615385,0.07398834,26.0,0.0007924587758823273,0.0008010361830479779,482,457,456,586,235
comercio_5551255717,"fraud_Bradtke, Torp and Bahringer",36,1781.28,49.48,0,0.0,0.01450808,36.0,0.0010300568311434693,0.0010184249551162205,156,178,200,412,587
comercio_5566579789,"fraud_Schiller, Blanda and Johnson",32,2982.81,93.2128125,6,0.1875,0.13069972,32.0,0.0009967049338159549,0.0010076948836146725,198,187,297,221,163
comercio_5572015899,fraud_Rau and Sons,50,8294.87,165.8974,11,0.22,0.20808412,50.0,0.0011134149458659778,0.0011334124576730575,71,63,24,65,88
comercio_5577951848,fraud_Schuppe-Schuppe,24,1599.76,66.65666666666667,2,0.08333333333333333,0.039948862,24.0,0.0008118857260228659,0.0007911925053328132,449,469,503,448,365
comercio_5582360817,"fraud_Nienow, Barrows and Romaguera",33,1258.56,38.13818181818181,1,0.030303030303030304,0.01842497,33.0,0.000901258319399898,0.000880258675890906,314,335,273,534,551
comercio_5584378560,fraud_Botsford and Sons,35,2753.04,78.65828571428571,3,0.08571428571428572,0.08034752,35.0,0.0008522735931876779,0.0008434811942010842,396,395,228,242,221
comercio_5594870283,fraud_Swift PLC,19,1071.83,56.41210526315789,1,0.05263157894736842,0.048463296,19.0,0.0007035670025009244,0.0006998376247034809,585,582,573,584,315
comercio_5597012165,"fraud_Cronin, Kshlerin and Weber",24,1350.26,56.26083333333333,1,0.041666666666666664,0.022432493,24.0,0.0007896792819464089,0.0007769833598037909,486,497,504,514,515
comercio_5631377447,fraud_Frami Group,19,2313.65,121.77105263157895,1,0.05263157894736842,0.07684018,19.0,0.0007234881855937772,0.0007196658697043349,562,562,574,301,229
comercio_5645209245,fraud_Breitenberg-Hermiston,26,1657.02,63.73153846153846,1,0.038461538461538464,0.037109822,26.0,0.0008667860640471331,0.0008505385720484708,371,385,457,433,382
comercio_5657383198,fraud_O'Hara-Wilderman,25,1432.54,57.3016,1,0.04,0.025567675,25.0,0.0008398483526582417,0.0008359731036419397,413,407,477,489,488
comercio_5661533328,fraud_Bernhard-Lesch,37,1820.44,49.201081081081085,1,0.02702702702702703,0.017978566,37.0,0.0009948214307266068,0.0009683392089156883,200,235,186,404,556
comercio_5677787883,"fraud_Romaguera, Cruickshank and Greenholt",51,18952.22,371.6121568627451,18,0.35294117647058826,0.33948386,51.0,0.0012898439789179646,0.0013387866862116056,11,9,19,2,14
comercio_5679567345,fraud_Will Ltd,24,1387.57,57.815416666666664,2,0.08333333333333333,0.07404142,24.0,0.0008544398090528069,0.0008595701889339535,390,365,505,506,234
comercio_5693811802,fraud_Klein Group,25,2187.69,87.5076,1,0.04,0.040857933,25.0,0.0008002475340776602,0.0007839079468525183,468,489,478,328,359
comercio_5740933888,"fraud_Lesch, D'Amore and Brown",21,1411.99,67.23761904761905,0,0.0,0.060564876,21.0,0.0006670743447074837,0.0006694500247747814,605,602,548,494,265
comercio_5752629158,fraud_Cummings Group,9,581.79,64.64333333333333,0,0.0,0.005176637,9.0,0.0006117716397704014,0.00061072389629726,644,643,688,670,655
comercio_5757399038,fraud_Schaefer Ltd,44,2619.42,59.532272727272726,2,0.045454545454545456,0.026880331,44.0,0.0012950642520105189,0.001287138549154355,10,14,71,257,477
comercio_5759826105,fraud_Morar Inc,11,522.17,47.47,0,0.0,0.00857842,11.0,0.0006282609502614774,0.0006242375886652357,634,635,678,677,628
comercio_5770442019,"fraud_Pouros, Walker and Spencer",32,2245.02,70.156875,1,0.03125,0.02025502,32.0,0.000900382977442748,0.0008708977872477244,316,354,298,314,534
comercio_5775077022,"fraud_Streich, Hansen and Veum",43,2681.77,62.36674418604651,3,0.06976744186046512,0.06707622,43.0,0.0010968394173332464,0.001097963280643985,83,90,90,252,251
comercio_5776852374,"fraud_McDermott, Osinski and Morar",33,2285.63,69.26151515151516,2,0.06060606060606061,0.0346487,33.0,0.0008822056877710992,0.0008617024684094019,350,362,274,309,398
comercio_5797659080,"fraud_Armstrong, Walter and Gottlieb",24,1662.99,69.29125,1,0.041666666666666664,0.013267056,24.0,0.0007915817779284805,0.0007735765709919867,483,500,506,430,600
comercio_5825393902,"fraud_Tillman, Dickinson and Labadie",39,2242.35,57.496153846153845,3,0.07692307692307693,0.066006266,39.0,0.0011961852922869115,0.0011911873807530595,31,38,144,315,254
comercio_5855361068,fraud_Mraz-Herzog,43,2306.12,53.6306976744186,4,0.09302325581395349,0.09562397,43.0,0.0013340340115652737,0.0013324972145040738,6,10,91,305,196
comercio_5871633033,fraud_Beier and Sons,44,3307.5299999999997,75.17113636363636,3,0.06818181818181818,0.058830384,44.0,0.0011883251361051491,0.0011775658763113173,34,44,72,206,269
comercio_5875897550,"fraud_Mosciski, Ziemann and Farrell",36,17504.56,486.2377777777778,17,0.4722222222222222,0.43605417,36.0,0.0010718911201422795,0.0011365216745172588,110,61,201,5,3
comercio_5903168846,"fraud_Windler, Goodwin and Kovacek",31,2318.23,74.7816129032258,2,0.06451612903225806,0.052212134,31.0,0.0008493766817914357,0.0008284609407480224,406,419,317,299,296
comercio_5909645402,fraud_Graham and Sons,23,1181.19,51.35608695652174,0,0.0,0.019369151,23.0,0.0008903215001057798,0.0008772999770524488,331,341,527,554,544
comercio_5920301590,fraud_Kassulke PLC,39,7917.84,203.02153846153846,7,0.1794871794871795,0.17067847,39.0,0.0010061172228407367,0.0010196750587340197,182,175,145,77,123
comercio_5956068551,"fraud_Bernier, Streich and Jewess",13,598.47,46.03615384615385,2,0.15384615384615385,0.06342408,13.0,0.0005993559102119822,0.0005925569703031742,654,655,652,666,260
comercio_6010135032,fraud_Powlowski-Weimann,25,1035.92,41.436800000000005,1,0.04,0.015207095,25.0,0.0008369573999957077,0.0008234209619746533,417,425,479,594,578
comercio_6010514161,"fraud_Kutch, Hermiston and Farrell",36,2383.05,66.19583333333334,0,0.0,0.0025404238,36.0,0.0009693412522072891,0.0009452010076459748,230,256,202,288,670
comercio_6015340449,fraud_McGlynn-Jaskolski,31,2410.4,77.75483870967743,2,0.06451612903225806,0.056597408,31.0,0.0008656714809226341,0.0008555683141077524,372,373,318,283,279
comercio_6060481265,fraud_Zulauf LLC,36,1586.79,44.0775,2,0.05555555555555555,0.039721236,36.0,0.0008995987880864107,0.0008980438621443717,318,317,203,453,372
comercio_6124310674,fraud_Hills-Olson,19,1056.3,55.59473684210526,1,0.05263157894736842,0.014741002,19.0,0.0006791341823389474,0.0006650080237821518,598,605,575,590,583
comercio_6139008410,fraud_Haley Group,35,2863.34,81.80971428571429,3,0.08571428571428572,0.07237365,35.0,0.0009748103467349038,0.0009805658897317064,225,218,229,237,238
comercio_6163930801,fraud_Ratke and Sons,28,1473.58,52.62785714285714,2,0.07142857142857142,0.033007655,28.0,0.0007652426903684884,0.0007567152068568287,516,523,414,483,416
comercio_6186750692,fraud_Koelpin and Sons,29,6527.69,225.09275862068964,7,0.2413793103448276,0.24102058,29.0,0.0009593524594242389,0.0009920779923297035,239,204,387,116,56
comercio_6187078679,"fraud_Towne, Greenholt and Koepp",39,8573.34,219.82923076923078,8,0.20512820512820512,0.20259562,39.0,0.0010090032097468992,0.001045973853012788,179,141,146,60,94
comercio_6195464779,"fraud_Hermiston, Russel and Price",30,1832.48,61.08266666666667,1,0.03333333333333333,0.019140733,30.0,0.00087543128150545,0.0008552234466089263,357,374,360,400,546
comercio_6214649205,fraud_Sawayn PLC,42,6464.18,153.9090476190476,6,0.14285714285714285,0.122094974,42.0,0.0010269945481315404,0.0010283713478553376,160,163,108,118,166
comercio_6223141723,fraud_Yost-Rogahn,26,1245.22,47.893076923076926,0,0.0,0.014409621,26.0,0.0008176583952567896,0.0007887013221075006,444,480,458,541,588
comercio_6225502014,fraud_Pacocha-Weissnat,34,1563.79,45.99382352941176,1,0.029411764705882353,0.03325859,34.0,0.0010364117294314773,0.0010321945880632456,148,158,249,465,411
comercio_6232902119,"fraud_Hahn, Douglas and Schowalter",20,1175.42,58.771,1,0.05,0.04439551,20.0,0.0007414174881089395,0.0007326929638523543,542,549,560,557,340
comercio_6248244353,fraud_DuBuque LLC,46,7251.42,157.6395652173913,10,0.21739130434782608,0.21516456,46.0,0.0011769119541328807,0.0012047115569254723,39,32,48,90,81
comercio_6251900559,"fraud_Welch, Rath and Koepp",25,1848.98,73.9592,1,0.04,0.040533338,25.0,0.0008082358940590175,0.0007903325960433103,452,474,480,394,360
comercio_6257204861,"fraud_Stanton, Jakubowski and Baumbach",36,12715.66,353.2127777777778,11,0.3055555555555556,0.3033637,36.0,0.0010971862892996884,0.001150428701669407,82,53,204,20,25
comercio_6282190597,fraud_Bednar Group,32,10238.67,319.9584375,10,0.3125,0.27384478,32.0,0.0010877384241244504,0.0010994753625025798,90,89,299,37,37
comercio_6313914208,fraud_Kautzer and Sons,20,1136.3600000000001,56.818000000000005,1,0.05,0.013482623,20.0,0.0007721124489426267,0.0007614743334755832,507,516,561,566,593
comercio_6316646989,fraud_Kris-Weimann,31,10030.82,323.5748387096774,10,0.3225806451612903,0.315324,31.0,0.0008859131167769695,0.0009272977999905179,342,277,319,42,21
comercio_6318804238,"fraud_Schmeler, Bashirian and Price",48,12587.869999999999,262.2472916666666,11,0.22916666666666666,0.2259655,48.0,0.001208322823005878,0.001267662524933203,28,21,35,21,71
comercio_6330734984,fraud_Quitzon-Goyette,35,1253.55,35.815714285714286,1,0.02857142857142857,0.0253718,35.0,0.0009196001610270194,0.0008973214329762166,284,318,230,538,491
comercio_6330772215,fraud_Williamson LLC,19,1256.57,66.13526315789473,1,0.05263157894736842,0.020845586,19.0,0.0007184225149925678,0.0007079458192734194,569,574,576,535,524
comercio_6346447225,fraud_Kub PLC,35,1397.11,39.917428571428566,0,0.0,0.029476605,35.0,0.0010398410945715165,0.0010402998472627157,145,147,231,497,454
comercio_6375068908,"fraud_Kilback, Nitzsche and Leffler",12,617.41,51.45083333333333,0,0.0,0.023939112,12.0,0.000670341642765725,0.0006637836116614502,603,607,666,662,501
comercio_6384530666,fraud_Rippin-VonRueden,22,1113.8,50.627272727272725,0,0.0,0.007682394,22.0,0.0007430557540870896,0.0007346593402799363,539,548,540,573,635
comercio_6387912346,fraud_Lemke and Sons,17,1574.01,92.58882352941177,2,0.11764705882352941,0.04015208,17.0,0.0006802459879399567,0.0006644394207887341,597,606,607,462,363
comercio_6440168825,"fraud_Parker, Nolan and Trantow",34,2701.52,79.45647058823529,1,0.029411764705882353,0.047410015,34.0,0.0008928160958432816,0.0008755670232320745,328,345,250,247,322
comercio_6481496376,fraud_Huel-Langworth,24,5719.15,238.29791666666665,5,0.20833333333333334,0.19932537,24.0,0.0007714062648298593,0.0007797821234632604,509,494,507,140,100
comercio_6486296709,"fraud_Lakin, Ferry and Beatty",29,1405.76,48.47448275862069,2,0.06896551724137931,0.027709618,29.0,0.0009509939146950531,0.0009420312753201515,250,260,388,495,466
comercio_6501627724,"fraud_Turner, Ziemann and Lehner",43,2711.9,63.06744186046512,2,0.046511627906976744,0.02073409,43.0,0.0009935568816865378,0.0009813574169235551,201,214,92,246,526
comercio_6530024487,"fraud_Lang, Towne and Schuppe",43,2877.54,66.91953488372093,0,0.0,0.0114599345,43.0,0.0011205973218509694,0.0011009058665051804,66,88,93,233,615
comercio_6534704644,fraud_Tillman LLC,11,48.21,4.382727272727273,1,0.09090909090909091,0.013325382,11.0,0.0006440572746475564,0.000639972621730825,625,622,679,692,598
comercio_6553862697,fraud_Stark-Batz,32,3667.13,114.5978125,3,0.09375,0.09105988,32.0,0.0009697869079226455,0.000966515340624043,229,238,300,192,203
comercio_6554756968,fraud_Kutch-Ferry,36,2061.57,57.26583333333334,1,0.027777777777777776,0.01961849,36.0,0.0012164541475323002,0.0011927808754967895,25,36,205,360,542
comercio_6559020060,fraud_Friesen-D'Amore,31,1800.59,58.08354838709677,2,0.06451612903225806,0.072067656,31.0,0.000818946847975873,0.0008179791550260175,442,432,320,408,239
comercio_6573442775,"fraud_Jones, Sawayn and Romaguera",14,2885.42,206.10142857142858,2,0.14285714285714285,0.11709791,14.0,0.0005926369234972762,0.0005978329151371401,659,652,643,232,170
comercio_6574886061,fraud_Schuppe LLC,31,1880.07,60.64741935483871,0,0.0,0.0009449877,31.0,0.0010477563096263675,0.001031598204005246,132,159,321,391,688
comercio_6577900075,fraud_Lind-Buckridge,28,2016.57,72.02035714285714,1,0.03571428571428571,0.024630424,28.0,0.000952868310658346,0.000933207084765936,249,268,415,365,495
comercio_6584952412,fraud_Bode-Rempel,53,2717.14,51.26679245283019,0,0.0,0.010694075,53.0,0.0011130058263562708,0.0010829752677051921,73,105,12,245,618
comercio_6588261064,"fraud_Bahringer, Osinski and Block",37,1832.93,49.53864864864865,4,0.10810810810810811,0.033828534,37.0,0.0009095214676201541,0.0008870284727595598,303,331,187,398,405
comercio_6611122818,"fraud_Rutherford, Homenick and Bergstrom",16,934.36,58.3975,0,0.0,0.0059661623,16.0,0.0007045586742545892,0.0006990386433722395,583,583,619,613,646
comercio_6616020062,fraud_Hickle Group,34,7084.88,208.37882352941176,5,0.14705882352941177,0.1361998,34.0,0.0010495183821207647,0.0010571245465827142,131,129,251,96,158
comercio_6621648998,fraud_Ebert-Daugherty,16,2124.9,132.80625,0,0.0,0.04899908,16.0,0.0007063939043651658,0.0007109494703209802,579,571,620,343,311
comercio_6682658236,fraud_Dach-Nader,27,3621.23,134.11962962962963,3,0.1111111111111111,0.110271804,27.0,0.0008214918349518741,0.0008221163769895192,440,429,432,195,179
comercio_6749056662,fraud_Murray-Smitham,51,8611.87,168.8601960784314,11,0.21568627450980393,0.21130098,51.0,0.0011734194491110524,0.0012038927104715096,41,33,20,58,83
comercio_6753265829,fraud_Hackett-Lueilwitz,42,6968.47,165.91595238095238,10,0.23809523809523808,0.22913703,42.0,0.0010570705511433137,0.001084982581351144,124,103,109,102,68
comercio_6773486145,fraud_Bauch-Raynor,50,7153.92,143.0784,7,0.14,0.14732505,50.0,0.0012330320905916553,0.0012364357300611636,22,26,25,94,148
comercio_6792413340,fraud_Boyer-Reichert,37,15579.69,421.0727027027027,13,0.35135135135135137,0.3632917,37.0,0.0010105038985275692,0.0010744131335304339,176,111,188,10,6
comercio_6808032293,fraud_Gutmann-Upton,43,4202.42,97.73069767441861,5,0.11627906976744186,0.07739282,43.0,0.0010924028505931163,0.0010856187940348884,86,102,94,177,227
comercio_6871595443,fraud_Effertz LLC,23,1641.88,71.38608695652174,1,0.043478260869565216,0.04017275,23.0,0.0007282029939513302,0.0007117153042005421,553,570,528,436,362
comercio_6913130119,fraud_Predovic Inc,38,9390.17,247.10973684210526,8,0.21052631578947367,0.20568226,38.0,0.0010296587965425126,0.0010455521957654808,158,144,164,49,92
comercio_6934713119,fraud_Pouros-Haag,44,9916.85,225.38295454545457,6,0.13636363636363635,0.16247398,44.0,0.0011081880981559553,0.0011215564953041056,75,73,73,43,132
comercio_6954098238,fraud_Stiedemann Inc,35,2253.85,64.39571428571428,2,0.05714285714285714,0.022626078,35.0,0.0010186809039183077,0.0009946773092259437,168,202,232,313,512
comercio_6955111089,fraud_Conroy-Emard,32,1843.83,57.6196875,1,0.03125,0.0055070226,32.0,0.0009103092336015918,0.0009023313045735805,301,311,301,395,653
comercio_6965039796,fraud_Donnelly PLC,19,6104.55,321.2921052631579,5,0.2631578947368421,0.3053719,19.0,0.0007274508349963097,0.0007632517582570615,554,512,577,133,24
comercio_6973132966,"fraud_Kling, Howe and Schneider",28,2069.56,73.91285714285713,2,0.07142857142857142,0.041200615,28.0,0.0007668004345623393,0.0007481116398987072,515,534,416,356,358
comercio_6976411625,fraud_Stoltenberg-Beatty,44,6886.03,156.50068181818182,5,0.11363636363636363,0.097720884,44.0,0.0010008508814671189,0.0010002943459704813,191,194,74,108,194
comercio_6986746194,fraud_Reynolds-Schinner,25,1080.78,43.2312,1,0.04,0.03996498,25.0,0.0007710175260236663,0.0007616424923049736,510,515,481,582,364
comercio_6987664440,"fraud_Schumm, McLaughlin and Carter",29,2187.62,75.4351724137931,0,0.0,0.031781353,29.0,0.0010080333710158881,0.0010068729049455961,181,188,389,329,429
comercio_6996615544,"fraud_Yost, Block and Koepp",29,1148.75,39.61206896551724,2,0.06896551724137931,0.033816986,29.0,0.000993207001705015,0.0009769010689589192,202,223,390,564,406
comercio_7005495989,fraud_Padberg-Welch,33,5366.04,162.60727272727271,8,0.24242424242424243,0.24431324,33.0,0.0009118847467390357,0.0009455030060362047,297,254,275,150,55
comercio_7011349918,fraud_Wisozk and Sons,24,1477.4,61.55833333333334,3,0.125,0.032132663,24.0,0.0007599953406620957,0.0007475471382376018,521,536,508,482,426
comercio_7023444721,fraud_Monahan-Morar,23,1381.41,60.06130434782609,1,0.043478260869565216,0.04678564,23.0,0.000826282077722109,0.0008155805332828885,431,437,529,507,325
comercio_7033333672,fraud_Kub-Heaney,29,2496.51,86.08655172413793,0,0.0,0.014954805,29.0,0.001058123305047848,0.0010459448142194085,121,142,391,274,582
comercio_7071639483,fraud_Emard Inc,44,2564.02,58.27318181818182,2,0.045454545454545456,0.04638963,44.0,0.0011858320818739986,0.0011790273471640037,36,43,75,261,328
comercio_7072125670,fraud_Schoen-Quigley,36,1808.58,50.23833333333333,2,0.05555555555555555,0.018830657,36.0,0.000903433250002191,0.0008780873878271923,311,339,206,406,547
comercio_7101734444,fraud_Beier-Hyatt,50,10693.74,213.8748,8,0.16,0.16072711,50.0,0.0010684674575523452,0.0010857969678663233,112,101,26,33,137
comercio_7114691619,fraud_Osinski Inc,45,1740.57,38.67933333333333,3,0.06666666666666667,0.02206526,45.0,0.0010769401377528208,0.0010536713195255624,102,132,57,418,517
comercio_7125343402,"fraud_Hayes, Marquardt and Dibbert",19,2902.91,152.78473684210525,3,0.15789473684210525,0.16235879,19.0,0.0007770526590313756,0.0007678746712411818,500,504,578,228,133
comercio_7128919957,"fraud_Monahan, Bogisich and Ledner",24,3708.32,154.51333333333335,1,0.041666666666666664,0.055718273,24.0,0.00073358974027897,0.0007558755080802552,549,526,509,190,283
comercio_7152800950,fraud_Simonis-Prohaska,25,1556.55,62.262,0,0.0,0.016374221,25.0,0.0007998883300882701,0.0007910570707692778,470,471,482,467,567
comercio_7152821286,fraud_Spinka-Welch,11,643.99,58.54454545454546,1,0.09090909090909091,0.027124519,11.0,0.0005385077478773968,0.0005336885563647019,690,690,680,654,472
comercio_7153124526,fraud_Ruecker-Mayert,40,2148.06,53.701499999999996,1,0.025,0.03784097,40.0,0.0009414367533073883,0.0009277487491662972,265,274,129,337,380
comercio_7191810844,fraud_Feil-Morar,21,1301.34,61.96857142857142,1,0.047619047619047616,0.012653646,21.0,0.0007816384046079057,0.0007655305094636845,494,508,549,523,603
comercio_7207246840,fraud_Connelly PLC,30,1277.77,42.592333333333336,2,0.06666666666666667,0.04861434,30.0,0.0008573984352274015,0.0008537797851080307,383,379,361,530,314
comercio_7209377737,"fraud_Medhurst, Cartwright and Ebert",24,805.5699999999999,33.565416666666664,1,0.041666666666666664,0.029832294,24.0,0.0007571270991798175,0.0007475755391819096,522,535,510,633,448
comercio_7228772812,fraud_White and Sons,38,2408.48,63.381052631578946,1,0.02631578947368421,0.010559902,38.0,0.0009192887307903593,0.0009045566182611886,286,305,165,284,619
comercio_7233244884,fraud_Kertzmann LLC,21,1547.15,73.67380952380952,0,0.0,0.0060008937,21.0,0.0006833620216387936,0.0006695962136680193,596,601,550,470,644
comercio_7272163705,fraud_Dooley Inc,31,5267.19,169.90935483870967,4,0.12903225806451613,0.1280143,31.0,0.0008535215496938073,0.0008550460574040333,392,375,322,154,164
comercio_7277803591,"fraud_Schoen, Kuphal and Nitzsche",43,6389.27,148.58767441860465,6,0.13953488372093023,0.14508799,43.0,0.0010450451048845282,0.001059633856582198,137,127,95,122,152
comercio_7304847444,fraud_Wilkinson Ltd,36,5259.01,146.0836111111111,5,0.1388888888888889,0.14733191,36.0,0.0010436446670913362,0.0010629956389587244,142,123,207,157,147
comercio_7319720381,fraud_Rutherford-Mertz,40,5811.06,145.2765,7,0.175,0.15391989,40.0,0.0010754133255537865,0.001075405862058563,106,110,130,138,142
comercio_7341007147,fraud_Koepp-Parker,47,6529.9400000000005,138.9348936170213,8,0.1702127659574468,0.15504757,47.0,0.0011978253991072171,0.0012057150725346265,30,31,42,115,139
comercio_7351964575,"fraud_Watsica, Haag and Considine",43,6895.74,160.3660465116279,5,0.11627906976744186,0.1051485,43.0,0.0010822669174392176,0.0010674501057816922,97,115,96,106,187
comercio_7368528869,fraud_Erdman-Kertzmann,49,3000.74,61.23959183673469,2,0.04081632653061224,0.042227298,49.0,0.0011059507491204721,0.0010964100149954167,76,92,30,218,353
comercio_7371451135,fraud_Schumm PLC,53,10777.22,203.34377358490565,10,0.18867924528301888,0.16984473,53.0,0.0011478393994057358,0.0011616602833686904,49,50,13,32,125
comercio_7378105238,fraud_Jakubowski Group,29,1528.8899999999999,52.7203448275862,0,0.0,0.0067553343,29.0,0.0008521712306259596,0.0008397240147713495,397,403,392,475,641
comercio_7381200746,fraud_Ziemann-Waters,30,1200.7,40.02333333333333,4,0.13333333333333333,0.049526807,30.0,0.0009509730442869457,0.0009476904943222791,251,252,362,548,309
comercio_7384275076,"fraud_Wiza, Schaden and Stark",20,1516.91,75.8455,0,0.0,0.032061134,20.0,0.0007484248127528642,0.0007464730746143191,535,539,562,476,427
comercio_7406370645,fraud_Lynch Ltd,38,4716.2,124.11052631578947,4,0.10526315789473684,0.10360184,38.0,0.000957953838679208,0.0009589991683420434,243,242,166,168,188
comercio_7421517730,fraud_Klocko LLC,27,8597.95,318.44259259259263,10,0.37037037037037035,0.34141296,27.0,0.0008444259339141813,0.0008883369700787161,408,328,433,59,13
comercio_7429174598,fraud_Satterfield-Lowe,11,79.63,7.239090909090908,1,0.09090909090909091,0.022542663,11.0,0.0005576891178435398,0.0005501450234657493,682,685,681,687,514
comercio_7433306022,fraud_Hoppe-Parisian,30,1446.78,48.226,3,0.1,0.0497086,30.0,0.000978428676971157,0.0009815680207454754,219,213,363,486,306
comercio_7489054155,"fraud_Streich, Dietrich and Barton",34,9130.09,268.53205882352944,8,0.23529411764705882,0.21017434,34.0,0.0008946309421695169,0.0009198313334277267,325,287,252,54,84
comercio_7491595275,fraud_Adams-Barrows,34,1660.96,48.85176470588235,3,0.08823529411764706,0.03811415,34.0,0.0009592636900774104,0.0009373455731973235,242,263,253,431,379
comercio_7492270429,"fraud_Cole, Hills and Jewess",47,2974.88,63.29531914893617,2,0.0425531914893617,0.029285092,47.0,0.0010832947789037074,0.0010608069602343624,95,126,43,222,455
comercio_7496685102,fraud_Bruen-Yost,31,2005.51,64.69387096774193,4,0.12903225806451613,0.049676806,31.0,0.0009184160847006611,0.0008954347877496745,289,321,323,369,307
comercio_7517132633,"fraud_Swaniawski, Bahringer and Ledner",11,592.74,53.88545454545454,0,0.0,0.006144702,11.0,0.0005930595336862995,0.0005840299400874058,658,663,682,669,643
comercio_7542906448,"fraud_Douglas, DuBuque and McKenzie",15,1644.98,109.66533333333334,0,0.0,0.011307302,15.0,0.0006223056833265509,0.0006126192902870676,641,641,635,435,616
comercio_7552444505,fraud_Hudson-Grady,35,3845.31,109.866,2,0.05714285714285714,0.057319388,35.0,0.0010246522715964667,0.0010065599900556772,161,189,233,182,274
comercio_7559276268,"fraud_Cremin, Hamill and Reichel",24,959.5,39.979166666666664,0,0.0,0.035514828,24.0,0.000807885382885257,0.000804860742598854,454,451,511,610,388
comercio_7563288347,fraud_Hirthe-Beier,29,1597.3400000000001,55.08068965517242,0,0.0,0.025382048,29.0,0.0008361777014934032,0.0008300490602944027,419,415,393,449,490
comercio_7569476090,"fraud_Baumbach, Strosin and Nicolas",39,7186.54,184.27025641025642,4,0.10256410256410256,0.09085725,39.0,0.0010678417150698403,0.0010662648484598724,113,118,147,92,204
comercio_7590566346,fraud_Heaney-Marquardt,27,3605.01,133.5188888888889,4,0.14814814814814814,0.13426949,27.0,0.0007815393559019982,0.0007849545712546991,495,487,434,196,160
comercio_7596682973,fraud_McDermott-Rice,25,860.27,34.4108,1,0.04,0.0438775,25.0,0.0007207296999493557,0.0007081559861510369,565,573,483,624,344
comercio_7623626713,fraud_Mayert Group,37,7255.57,196.09648648648647,6,0.16216216216216217,0.14394899,37.0,0.0010429873955053058,0.0010449906689353851,143,146,189,89,154
comercio_7623799419,fraud_Kling-Ernser,22,1585.3,72.05909090909091,0,0.0,0.0008621524,22.0,0.0008669753003212612,0.0008539122133901938,370,377,541,456,690
comercio_7642858379,"fraud_Rohan, White and Aufderhar",18,4858.42,269.9122222222222,5,0.2777777777777778,0.2402073,18.0,0.0006266431569619089,0.0006405754257233331,637,621,595,164,58
comercio_7652919142,fraud_Rolfson-Kunde,30,1196.66,39.88866666666667,1,0.03333333333333333,0.030929498,30.0,0.001013459104673191,0.0010193582061075583,174,176,364,551,437
comercio_7666849979,fraud_Baumbach Ltd,27,1167.2,43.229629629629635,2,0.07407407407407407,0.028319292,27.0,0.0008233888651080963,0.0008156355470617056,435,436,435,558,464
comercio_7668307115,fraud_Kuvalis Ltd,44,2493.44,56.66909090909091,5,0.11363636363636363,0.11116398,44.0,0.0010029925589702974,0.0010254922624853796,189,166,76,275,178
comercio_7684699083,"fraud_Nienow, Ankunding and Collier",23,1366.21,59.4004347826087,2,0.08695652173913043,0.023954073,23.0,0.000812275807186926,0.0007890021632946478,448,478,530,511,500
comercio_7689182892,"fraud_Heller, Gutmann and Zieme",37,5630.71,152.18135135135134,8,0.21621621621621623,0.20570455,37.0,0.0010576559796385812,0.0010798531344680866,123,109,190,146,91
comercio_7705467519,fraud_Pacocha-Bauch,31,7710.84,248.7367741935484,5,0.16129032258064516,0.17441688,31.0,0.0008556459312194376,0.000875896558802976,385,343,324,83,120
comercio_7725921774,fraud_McKenzie-Huels,19,992.4100000000001,52.2321052631579,0,0.0,0.008120291,19.0,0.0007963439487222827,0.0007836624932218452,477,492,579,604,633
comercio_7738699648,fraud_Erdman-Durgan,20,1317.76,65.888,0,0.0,0.023550909,20.0,0.0007319102900470661,0.0007271633928726269,550,556,563,517,503
comercio_7743232294,"fraud_Hahn, Bahringer and McLaughlin",18,632.16,35.12,1,0.05555555555555555,0.015835255,18.0,0.0007775729798218164,0.0007659763396092058,499,507,596,657,575
comercio_7747172675,"fraud_Ruecker, Beer and Collier",27,5631.38,208.56962962962965,4,0.14814814814814814,0.15302904,27.0,0.0007395824528846485,0.0007323758805871695,545,550,436,145,144
comercio_7751321230,fraud_Spencer-Runolfsson,23,1831.76,79.64173913043479,3,0.13043478260869565,0.09199891,23.0,0.0007376766609979266,0.0007320530602670914,546,551,531,401,202
comercio_7795381977,fraud_Schmitt Ltd,21,3277.95,156.09285714285713,3,0.14285714285714285,0.14084634,21.0,0.0007210173044671544,0.0007467908080115463,564,538,551,209,156
comercio_7796875137,"fraud_Zieme, Bode and Dooley",41,2428.86,59.24048780487805,2,0.04878048780487805,0.045572296,41.0,0.0011770802938173227,0.0011532315680989214,38,52,120,279,336
comercio_7813311696,fraud_Haag-Blanda,39,2096.96,53.76820512820513,1,0.02564102564102564,0.01368552,39.0,0.0009860773464543764,0.0009708404454700675,206,231,148,350,591
comercio_7833088063,"fraud_Schumm, Bauch and Ondricka",45,6893.03,153.17844444444444,8,0.17777777777777778,0.16221784,45.0,0.0012095558704602188,0.0012287552686170388,27,27,58,107,134
comercio_7852269111,fraud_Watsica LLC,22,1003.88,45.63090909090909,2,0.09090909090909091,0.026735753,22.0,0.0007242492036533943,0.0007155810727385046,560,567,542,602,479
comercio_7880657554,"fraud_Johnson, Runolfsdottir and Mayer",25,5529.19,221.1676,5,0.2,0.17880118,25.0,0.0007505975972730112,0.0007673707594758632,533,506,484,148,118
comercio_7881222894,fraud_Hermann and Sons,29,2905.7599999999998,100.19862068965516,2,0.06896551724137931,0.058602408,29.0,0.0009793219222947484,0.0009812328784369496,216,215,394,227,270
comercio_7881759605,fraud_Torp-Lemke,28,1291.27,46.11678571428571,1,0.03571428571428571,0.011701415,28.0,0.0007970261172065153,0.0007913629174108672,476,468,417,526,614
comercio_7885828428,fraud_Bartoletti-Wunsch,38,2324.45,61.16973684210526,1,0.02631578947368421,0.027339848,38.0,0.0010761036963810272,0.0010487113500951939,105,137,167,297,470
comercio_7904773617,fraud_Hackett Group,12,6407.57,533.9641666666666,0,0.0,0.012219582,12.0,0.0005974777954506702,0.0005853508476233096,655,661,667,120,610
comercio_7921060620,fraud_Cole PLC,46,8022.07,174.39282608695652,13,0.2826086956521739,0.26153895,46.0,0.0010419332405130347,0.001097701869681305,144,91,49,72,45
comercio_7926813118,fraud_Brown PLC,19,2511.3900000000003,132.1784210526316,2,0.10526315789473684,0.14918408,19.0,0.0007202772851924064,0.0007367418190074739,566,547,580,272,146
comercio_7929304427,"fraud_Parisian, Schiller and Altenwerth",25,6549.76,261.9904,6,0.24,0.2408082,25.0,0.0009417997319574635,0.0009689944366359232,263,234,485,114,57
comercio_7930361483,fraud_Fisher Inc,29,12723.369999999999,438.7368965517241,8,0.27586206896551724,0.27599424,29.0,0.000889129029252368,0.0009155886115484844,335,295,395,19,36
comercio_7958136055,fraud_Block Group,27,1200.55,44.464814814814815,0,0.0,0.015987623,27.0,0.0007945314881320188,0.0007920381289168702,480,466,437,549,572
comercio_7964645330,fraud_Kozey-McDermott,17,608.9799999999999,35.82235294117646,2,0.11764705882352941,0.033063706,17.0,0.0007048438135043038,0.0006817907040660401,581,594,608,664,415
comercio_7967921551,"fraud_Walter, Hettinger and Kessler",24,936.44,39.01833333333334,1,0.041666666666666664,0.021962143,24.0,0.0007138189562089216,0.0007096397567264806,574,572,512,612,518
comercio_7973637965,fraud_Veum-Koelpin,13,1090.88,83.91384615384617,0,0.0,0.03981089,13.0,0.0006228333832109129,0.000622319911515131,640,638,653,579,370
comercio_7976243861,fraud_Murray Ltd,17,848.8299999999999,49.931176470588234,2,0.11764705882352941,0.09534846,17.0,0.0007909300452116763,0.0007911172633438177,484,470,609,627,197
comercio_7982045266,fraud_Skiles-Ankunding,14,717.76,51.26857142857143,1,0.07142857142857142,0.057019655,14.0,0.0006093668134264735,0.0006064384169349054,647,646,644,646,276
comercio_7986877104,fraud_Barton LLC,34,1624.46,47.77823529411765,1,0.029411764705882353,0.009102448,34.0,0.0009397236945860802,0.0009165831507122686,266,291,254,441,626
comercio_7990543145,"fraud_Baumbach, Feeney and Morar",30,3791.14,126.37133333333333,3,0.1,0.09797468,30.0,0.0009278083393585156,0.000927674001253353,277,275,365,186,193
comercio_8021068960,fraud_Collier Inc,12,622.0600000000001,51.83833333333334,1,0.08333333333333333,0.05173927,12.0,0.000604916334947475,0.0005964518867274958,650,653,668,661,299
comercio_8060676239,fraud_Thiel Ltd,11,2129.7599999999998,193.61454545454544,1,0.09090909090909091,0.033336665,11.0,0.0005529802028422661,0.0005505056570561744,685,684,683,341,409
comercio_8073217613,fraud_Welch Inc,22,3288.54,149.4790909090909,3,0.13636363636363635,0.13684294,22.0,0.0007553195165679637,0.0007609645687829565,524,517,543,208,157
comercio_8086382523,fraud_Gottlieb-Hansen,28,970.27,34.652499999999996,3,0.10714285714285714,0.038334396,28.0,0.0008909056121613002,0.0008689498123908274,329,358,418,608,378
comercio_8090876804,"fraud_Hintz, Bauch and Smith",27,1839.96,68.14666666666666,1,0.037037037037037035,0.015671715,27.0,0.0008898431182450887,0.0008761131066624895,332,342,438,396,577
comercio_8113877515,"fraud_Reilly, Heaney and Cole",44,2888.85,65.65568181818182,4,0.09090909090909091,0.06376039,44.0,0.001186199660653685,0.0011740909207033016,35,45,77,231,259
comercio_8114637846,fraud_Goyette Inc,35,9637.57,275.35914285714284,8,0.22857142857142856,0.20745243,35.0,0.0008973716143522893,0.0009206781478886267,324,286,234,46,89
comercio_8115905834,fraud_Herman Inc,25,1913.1200000000001,76.5248,2,0.08,0.0194581,25.0,0.000813391385691078,0.00079001566890562,447,475,486,386,543
comercio_8130370749,"fraud_Hoppe, Harris and Bednar",45,3404.38,75.6528888888889,1,0.022222222222222223,0.035510927,45.0,0.0010557962855396394,0.0010525561155411295,126,133,59,202,389
comercio_8163863225,fraud_Roob-Okuneva,26,1153.6,44.36923076923077,2,0.07692307692307693,0.03468101,26.0,0.0009592676798785063,0.0009522903634805681,241,248,459,563,397
comercio_8179848396,fraud_Kemmer-Buckridge,31,2207.32,71.20387096774193,0,0.0,0.018147148,31.0,0.000900919886882682,0.0008970792682866807,315,320,325,321,553
comercio_8194037418,"fraud_Hagenes, Kohler and Hoppe",46,2650.31,57.615434782608695,2,0.043478260869565216,0.036445476,46.0,0.0011230006491069766,0.0011272718864381017,64,66,50,255,384
comercio_8202078928,fraud_Cartwright-Harris,38,5800.9800000000005,152.65736842105264,10,0.2631578947368421,0.25980562,38.0,0.0009627112724172588,0.0010043676164806139,234,190,168,139,46
comercio_8206233978,fraud_Berge-Ullrich,32,2334.51,72.9534375,2,0.0625,0.058155797,32.0,0.0008551376844551787,0.0008472724775035632,388,389,302,295,272
comercio_8209900302,fraud_Heathcote LLC,37,14889.99,402.4321621621622,14,0.3783783783783784,0.3803652,37.0,0.0010091990290725477,0.0010813665741301005,178,108,191,12,5
comercio_8213263106,fraud_Rempel PLC,16,713.97,44.623125,0,0.0,0.012472121,16.0,0.0006116937085480041,0.0006010907903731344,645,649,621,647,606
comercio_8214479878,"fraud_Hermiston, Pacocha and Smith",26,1162.8500000000001,44.72500000000001,0,0.0,0.015735867,26.0,0.0007692427582798665,0.0007530838978623359,512,529,460,559,576
comercio_8233028834,fraud_Hills-Witting,33,11055.43,335.0130303030303,11,0.3333333333333333,0.31461245,33.0,0.0009278151149186533,0.0009749093755450595,276,229,276,27,22
comercio_8239339308,"fraud_Langosh, Wintheiser and Hyatt",23,1132.6299999999999,49.244782608695644,2,0.08695652173913043,0.02457895,23.0,0.0006934620363282507,0.0006896157251313767,591,588,532,567,496
comercio_8259428705,"fraud_Bins, Balistreri and Beatty",36,3650.16,101.39333333333333,2,0.05555555555555555,0.054641288,36.0,0.0011272926746409989,0.0011239448833230178,61,69,208,194,287
comercio_8259877896,fraud_Johnston-Casper,17,697.21,41.012352941176474,1,0.058823529411764705,0.02477087,17.0,0.0006279354696877733,0.000617733502034691,635,640,610,650,494
comercio_8261572575,fraud_Miller-Hauck,55,9643.5,175.33636363636364,15,0.2727272727272727,0.25852042,55.0,0.0013647969976151952,0.0014198145090849879,5,4,10,45,48
comercio_8282058254,fraud_Kuhic Inc,39,6136.46,157.34512820512822,9,0.23076923076923078,0.21661285,39.0,0.001079025987459328,0.0011092444971127905,100,81,149,130,79
comercio_8287634528,"fraud_Quitzon, Green and Bashirian",35,6282.18,179.49085714285715,6,0.17142857142857143,0.16588807,35.0,0.000855322592153389,0.000869275007026613,386,356,235,126,128
comercio_8288765239,fraud_Rau-Grant,36,2901.94,80.60944444444445,1,0.027777777777777776,0.016172895,36.0,0.001059395863298636,0.001037256228464447,120,150,209,229,568
comercio_8291679407,fraud_Skiles LLC,31,2085.22,67.26516129032258,2,0.06451612903225806,0.0517641,31.0,0.0008616243391859868,0.0008579419293509978,377,368,326,354,298
comercio_8313154051,fraud_Botsford Ltd,35,9046.18,258.4622857142857,6,0.17142857142857143,0.17206995,35.0,0.0008974510869729244,0.0009168780225829964,323,289,236,56,121
comercio_8330285299,"fraud_Swaniawski, Nitzsche and Welch",25,1094.8500000000001,43.794000000000004,1,0.04,0.031074721,25.0,0.0007650916785520363,0.0007593029395004119,517,519,487,577,434
comercio_8332772526,"fraud_Larkin, Stracke and Greenfelder",31,2309.64,74.50451612903225,1,0.03225806451612903,0.033772875,31.0,0.0009767997882248083,0.0009601028088769277,223,241,327,303,407
comercio_8333736370,fraud_Runte-Mohr,34,1369.5,40.279411764705884,1,0.029411764705882353,0.0232195,34.0,0.0008779381878471818,0.0008592605674999206,354,366,255,510,506
comercio_8339076591,fraud_Nader-Heller,30,6210.8,207.02666666666667,6,0.2,0.20195252,30.0,0.0008029510263829323,0.0008303532733488266,464,414,366,128,96
comercio_8352557137,fraud_Morissette PLC,40,3654.89,91.37225,1,0.025,0.020648064,40.0,0.0009771910223084323,0.0009683021729988762,222,236,131,193,528
comercio_8356446913,fraud_Parker-Kunde,31,1686.58,54.405806451612904,1,0.03225806451612903,0.03469881,31.0,0.0009039005522695612,0.0008916776705712316,310,324,328,428,396
comercio_8361834940,fraud_Hintz-Bruen,19,790.94,41.62842105263158,2,0.10526315789473684,0.05525584,19.0,0.0006988245508214305,0.0006893826550127142,588,589,581,637,284
comercio_8366378591,fraud_Leannon-Ward,34,1864.74,54.84529411764706,2,0.058823529411764705,0.028583188,34.0,0.0008224934772658208,0.0008217873425437217,436,430,256,392,461
comercio_8395219513,fraud_Luettgen PLC,53,3157.89,59.582830188679246,3,0.05660377358490566,0.056319185,53.0,0.0014025529680103941,0.0013727769271412744,4,6,14,211,282
comercio_8408916699,fraud_Terry-Huel,48,15719.96,327.49916666666667,13,0.2708333333333333,0.27824637,48.0,0.0012040310234337748,0.0012637047922069464,29,22,36,9,33
comercio_8425686636,"fraud_Bahringer, Bergnaum and Quitzon",47,3881.05,82.57553191489362,4,0.0851063829787234,0.053897407,47.0,0.0010673427645185142,0.001049924290071196,114,136,44,180,292
comercio_8436892866,"fraud_Klocko, Runolfsdottir and Breitenberg",31,1954.4,63.04516129032258,1,0.03225806451612903,0.028085643,31.0,0.0008995505418270673,0.0008937111819302799,319,323,329,380,465
comercio_8446836705,fraud_Daugherty LLC,38,2541.25,66.875,0,0.0,0.016962154,38.0,0.0010696250409128198,0.0010483911407072875,111,138,169,266,562
comercio_8465620179,fraud_Bahringer Group,19,1480.38,77.91473684210527,0,0.0,0.012366319,19.0,0.0006873544262739986,0.0006862802521053093,595,592,582,481,607
comercio_8481657780,"fraud_Boehm, Block and Jakubowski",24,1022.79,42.61625,1,0.041666666666666664,0.014636438,24.0,0.000821741106043112,0.0007983823785975405,438,459,513,596,586
comercio_8487711165,fraud_Lockman Ltd,46,8042.61,174.83934782608694,11,0.2391304347826087,0.25287947,46.0,0.0010726034799358592,0.0011147330595921053,108,76,51,71,51
comercio_8515136128,fraud_Bogisich-Homenick,25,8102.07,324.08279999999996,7,0.28,0.3229469,25.0,0.0008617356452819046,0.000910046561200614,376,300,488,70,18
comercio_8551054777,fraud_Stamm-Witting,35,12946.75,369.90714285714284,11,0.3142857142857143,0.32369253,35.0,0.0009295477673675821,0.0009832446807366902,274,211,237,17,17
comercio_8556309105,fraud_Wuckert-Walter,17,1041.88,61.28705882352942,1,0.058823529411764705,0.018462492,17.0,0.0006638077368589223,0.0006504699967750058,608,614,611,593,550
comercio_8575430088,"fraud_Little, Gutmann and Lynch",32,5822.98,181.968125,4,0.125,0.120807014,32.0,0.0009820716918392616,0.00098364364642909,213,210,303,137,167
comercio_8602489731,fraud_Weimann-Lockman,36,2500.91,69.46972222222222,1,0.027777777777777776,0.005991138,36.0,0.000997727978789712,0.0009803369606178254,196,219,210,273,645
comercio_8634575982,fraud_Gislason Group,41,2102.97,51.29195121951219,1,0.024390243902439025,0.039796025,41.0,0.001033298919736313,0.0010360238956380267,153,153,121,349,371
comercio_8667104931,fraud_Kerluke Inc,18,6107.99,339.3327777777778,5,0.2777777777777778,0.28945804,18.0,0.0006694898890597598,0.0007014219758783941,604,581,597,132,29
comercio_8670585253,fraud_Stiedemann Ltd,18,639.93,35.55166666666666,1,0.05555555555555555,0.020119097,18.0,0.0007023230980187172,0.000694626001275166,586,585,598,655,537
comercio_8671008942,fraud_Fadel-Hilpert,21,1280.83,60.991904761904756,1,0.047619047619047616,0.03539195,21.0,0.0006720599593315945,0.0006516890328144862,601,613,552,528,390
comercio_8671034213,fraud_Nader-Maggio,18,1014.86,56.38111111111111,1,0.05555555555555555,0.013245513,18.0,0.0006920503868647139,0.0006805664753138955,594,596,599,600,601
comercio_8675755465,"fraud_Denesik, Powlowski and Pouros",39,2551.9900000000002,65.43564102564103,0,0.0,0.0034564454,39.0,0.0010035503198097036,0.0009751752287841421,184,227,150,262,664
comercio_8679285170,fraud_Connelly-Carter,32,2191.87,68.4959375,1,0.03125,0.005545621,32.0,0.0008686955675145648,0.0008513549996706377,366,384,304,327,652
comercio_8703143057,fraud_Berge-Hills,33,2118.73,64.2039393939394,1,0.030303030303030304,0.012212744,33.0,0.0009017410441900246,0.0008903525605877133,312,325,277,347,611
comercio_8703508112,"fraud_Gottlieb, Considine and Schultz",36,9216.07,256.00194444444446,8,0.2222222222222222,0.21264222,36.0,0.0010032589175599526,0.001034171129401002,186,155,211,52,82
comercio_8711344779,fraud_Gutmann Ltd,12,542.65,45.22083333333333,2,0.16666666666666666,0.08289789,12.0,0.0005556902319294438,0.0005574428676529125,683,680,669,675,216
comercio_8711356681,fraud_Torphy-Kertzmann,24,1115.83,46.492916666666666,1,0.041666666666666664,0.0098568285,24.0,0.0007974850706579259,0.0007871442033153234,475,484,514,572,622
comercio_8725462430,"fraud_Christiansen, Goyette and Schamberger",27,1440.09,53.336666666666666,7,0.25925925925925924,0.19133975,27.0,0.000786105698328791,0.0008041410435017511,491,454,439,488,108
comercio_8755001233,fraud_Turner and Sons,45,7782.53,172.94511111111112,7,0.15555555555555556,0.15486604,45.0,0.0010995259006148133,0.0011219061924321056,81,72,60,81,140
comercio_8769195647,"fraud_Olson, Becker and Koch",42,2546.2,60.62380952380952,3,0.07142857142857142,0.07166382,42.0,0.0010218401047735397,0.0010160822260409218,165,181,110,265,240
comercio_8803327753,fraud_Goldner-Lemke,23,1568.6599999999999,68.20260869565217,0,0.0,0.0014502336,23.0,0.0007895719567577479,0.0007768306597180696,488,498,533,464,679
comercio_8817670084,fraud_Goyette-Gerhold,30,1832.67,61.089000000000006,0,0.0,0.02023115,30.0,0.0008603308891669413,0.0008430336080440652,378,398,367,399,535
comercio_8865641597,fraud_Bins-Tillman,25,2683.49,107.33959999999999,2,0.08,0.08006025,25.0,0.0007877267623875396,0.0007892756512446466,490,477,489,251,222
comercio_8869348547,fraud_Jakubowski Inc,37,2615.14,70.67945945945945,1,0.02702702702702703,0.039073527,37.0,0.0010297793932017546,0.0010215719012525908,157,171,192,258,376
comercio_8909345314,fraud_Flatley Group,19,1299.85,68.41315789473684,2,0.10526315789473684,0.09937804,19.0,0.0007243194204174516,0.0007169403002721743,559,565,583,524,191
comercio_8909589463,"fraud_Robel, Cummerata and Prosacco",36,2150.95,59.7486111111111,2,0.05555555555555555,0.053968,36.0,0.0009884292544056251,0.0009785071484551102,204,221,212,335,291
comercio_8920590721,fraud_Kuhn LLC,51,10799.77,211.7601960784314,10,0.19607843137254902,0.20867866,51.0,0.00113092210620516,0.0011732542581951095,57,47,21,31,86
comercio_8921846845,"fraud_Daugherty, Pouros and Beahan",43,7655.37,178.03186046511627,5,0.11627906976744186,0.11508522,43.0,0.0010032948937597527,0.001019725021204491,185,174,97,84,173
comercio_8979447355,fraud_Zboncak Ltd,26,1776.73,68.33576923076923,2,0.07692307692307693,0.013167187,26.0,0.0008995357963812022,0.0008743822033126316,320,348,461,413,602
comercio_8982438024,fraud_Jaskolski-Dibbert,26,1395.57,53.67576923076923,1,0.038461538461538464,0.008364188,26.0,0.0007550754056638076,0.0007448836296599919,525,541,462,499,630
comercio_8983217516,fraud_Turcotte-Halvorson,27,1059.47,39.23962962962963,1,0.037037037037037035,0.047932908,27.0,0.0008979277954774844,0.000894727346038808,322,322,440,588,320
comercio_8990226279,fraud_Medhurst PLC,40,15489.86,387.2465,14,0.35,0.34787583,40.0,0.0010513987073535493,0.0011246471508240235,129,68,132,11,10
comercio_8992051561,fraud_Abshire PLC,16,780.37,48.773125,0,0.0,0.00097013754,16.0,0.0006469098670968874,0.0006319752101524675,619,630,622,638,687
comercio_8994750657,fraud_Maggio-Fahey,24,1787.9599999999998,74.49833333333332,1,0.041666666666666664,0.039873816,24.0,0.0008186179385092132,0.0008115974974496622,443,443,515,410,368
comercio_9010848058,"fraud_Moore, Dibbert and Koepp",27,5716.4,211.7185185185185,6,0.2222222222222222,0.22896823,27.0,0.0008908545820302323,0.0009157905175452815,330,294,441,141,69
comercio_9024063425,"fraud_Boehm, Predovic and Reinger",31,2924.7999999999997,94.34838709677419,3,0.0967741935483871,0.094457135,31.0,0.0009847924122191071,0.000991001423551612,207,205,330,224,199
comercio_9039338673,fraud_Sporer Inc,44,2687.85,61.0875,2,0.045454545454545456,0.045834888,44.0,0.0010858657513313262,0.0010709075182310432,93,112,78,250,332
comercio_9040441198,fraud_Volkman-Predovic,41,9483.55,231.3060975609756,7,0.17073170731707318,0.19452527,41.0,0.001023339439985421,0.0010665564392852616,162,117,122,48,103
comercio_9041024744,fraud_Hilpert-Conroy,41,2305.83,56.23975609756097,5,0.12195121951219512,0.07413012,41.0,0.0010945760963218182,0.0010654310460619263,85,120,123,306,233
comercio_9097512736,fraud_Trantow PLC,13,738.87,56.83615384615385,0,0.0,0.004628082,13.0,0.0007124292617278836,0.000707063043934759,575,575,654,643,659
comercio_9114194377,"fraud_Koss, Hansen and Lueilwitz",40,2910.91,72.77275,2,0.05,0.015985673,40.0,0.0011035315354053707,0.0010866043373572414,79,99,133,226,573
comercio_9127753572,"fraud_Effertz, Welch and Schowalter",31,3549.3199999999997,114.49419354838709,3,0.0967741935483871,0.09236202,31.0,0.0008258393750588419,0.0008262018591051328,433,423,331,197,201
comercio_9129709379,fraud_Shields-Wunsch,26,1551.14,59.659230769230774,3,0.11538461538461539,0.03285168,26.0,0.0008071111072982101,0.0007855541883910538,456,486,463,469,419
comercio_9173975227,fraud_Rempel Inc,41,11526.83,281.1421951219512,9,0.21951219512195122,0.23932557,41.0,0.0010143043344877842,0.0010544440343706728,171,130,124,25,59
comercio_9218003797,fraud_Wiegand-Lowe,12,648.87,54.0725,0,0.0,0.009115065,12.0,0.0005822825488532717,0.0005796302695908295,667,667,670,653,625
comercio_9243187479,fraud_McCullough Group,14,803.39,57.385,0,0.0,0.0054048854,14.0,0.0005812079379764235,0.0005752466900614794,668,672,645,634,654
comercio_9256647939,fraud_Jacobi Inc,20,1313.79,65.6895,0,0.0,0.032889627,20.0,0.0007405368389369396,0.0007419077856706777,543,544,564,518,418
comercio_9260210112,fraud_Fritsch and Sons,27,1529.51,56.64851851851852,0,0.0,0.008319195,27.0,0.000817562556256079,0.0008086761016485135,445,446,442,474,631
comercio_9281136691,fraud_Douglas-White,32,1974.25,61.6953125,0,0.0,0.0013525786,32.0,0.0008567530373453821,0.0008412529831928741,384,401,305,376,682
comercio_9303324681,fraud_Kirlin and Sons,30,1276.08,42.535999999999994,3,0.1,0.024406062,30.0,0.0008583242980526171,0.0008324612091823876,382,411,368,531,497
comercio_9310877161,"fraud_Schneider, Hayes and Nikolaus",24,1770.22,73.75916666666667,3,0.125,0.04659692,24.0,0.0007703478274983975,0.0007677415788552331,511,505,516,414,327
comercio_9318196185,fraud_Smith-Stokes,24,1103.27,45.96958333333333,1,0.041666666666666664,0.02513276,24.0,0.0007510402637716656,0.0007397906608826343,530,545,517,574,492
comercio_9327612841,"fraud_Berge, Kautzer and Harris",34,1537.08,45.20823529411764,1,0.029411764705882353,0.023981167,34.0,0.0008849414384821902,0.0008729072689306106,343,350,257,472,499
comercio_9333967669,fraud_Conroy-Cruickshank,42,2058.05,49.00119047619048,8,0.19047619047619047,0.1691344,42.0,0.0010510526861494925,0.0010624989941545098,130,124,111,361,127
comercio_9336256085,"fraud_Reichert, Shanahan and Hayes",43,10849.960000000001,252.32465116279073,8,0.18604651162790697,0.17890029,43.0,0.0011721634234867122,0.00119865296031706,42,34,98,30,117
comercio_9347659086,fraud_Reichert-Weissnat,11,994.13,90.37545454545455,0,0.0,0.048839506,11.0,0.0005900847648999048,0.0005868707086354437,661,658,684,603,312
comercio_9359225546,"fraud_Hettinger, McCullough and Fay",34,2068.2200000000003,60.830000000000005,1,0.029411764705882353,0.014131403,34.0,0.0009829491889762948,0.0009752035363705605,210,226,258,359,589
comercio_9360765664,fraud_Champlin-Casper,27,1660.25,61.49074074074074,1,0.037037037037037035,0.03323324,27.0,0.0007896157203435498,0.0007763824716765016,487,499,443,432,412
comercio_9361258045,fraud_Daugherty-Thompson,34,2009.59,59.105588235294114,2,0.058823529411764705,0.03205424,34.0,0.0008833939974895986,0.0008784702845729445,345,338,259,368,428
comercio_9363337789,fraud_Kiehn Inc,59,9284.55,157.36525423728813,14,0.23728813559322035,0.23589545,59.0,0.0012887000890038425,0.0013453355628383506,12,8,5,51,62
comercio_9397372880,fraud_Koepp-Witting,37,5654.46,152.82324324324324,7,0.1891891891891892,0.23313409,37.0,0.0008677905148887205,0.0009093783620061416,368,301,193,143,63
comercio_9398138783,fraud_Mosciski Group,20,10239.599999999999,511.9799999999999,2,0.1,0.059570514,20.0,0.000750957221557283,0.0007388974640346425,531,546,565,36,266
comercio_9426226102,"fraud_Roob, Conn and Tremblay",40,6381.4,159.535,4,0.1,0.11586024,40.0,0.0010134902305000166,0.001026997056964782,173,165,134,123,172
comercio_9444132290,"fraud_Konopelski, Schneider and Hartmann",27,1402.56,51.946666666666665,2,0.07407407407407407,0.043785647,27.0,0.0007961990851570815,0.0007888759826441109,478,479,444,496,345
comercio_9445883704,"fraud_Tromp, Kerluke and Glover",13,627.81,48.29307692307692,1,0.07692307692307693,0.059229035,13.0,0.0005759094977435276,0.000573060929705733,673,674,655,658,267
comercio_9448467479,fraud_Buckridge PLC,22,1125.42,51.155454545454546,1,0.045454545454545456,0.054108247,22.0,0.0007108397530782235,0.0007129978664118945,576,569,544,571,288
comercio_9450554997,fraud_Kemmer-Reinger,16,802.61,50.163125,0,0.0,0.0072376616,16.0,0.0006207225776448653,0.0006117393949613963,642,642,623,635,638
comercio_9450879108,fraud_Friesen-Ortiz,29,1390.06,47.93310344827586,1,0.034482758620689655,0.024259727,29.0,0.0008655670184252006,0.0008479629054759917,373,388,396,504,498
comercio_9460187915,"fraud_Runte, Green and Emard",30,2183.32,72.77733333333335,1,0.03333333333333333,0.027344672,30.0,0.000871381522185626,0.0008558548755944865,362,372,369,330,469
comercio_9488642341,fraud_Harber Inc,40,2256.13,56.40325,5,0.125,0.120632194,40.0,0.0010837125220411004,0.0010948791215362713,94,94,135,312,168
comercio_9521770393,fraud_Huels-Nolan,38,2317.89,60.99710526315789,5,0.13157894736842105,0.13177024,38.0,0.0009667122914946351,0.0009794589385036848,233,220,170,300,161
comercio_9564207455,"fraud_Greenholt, O'Hara and Balistreri",38,11664.57,306.96236842105264,10,0.2631578947368421,0.25639352,38.0,0.0009425896597066857,0.0009806576502740484,262,217,171,22,49
comercio_9567261231,"fraud_Hauck, Dietrich and Funk",27,1176.96,43.59111111111111,1,0.037037037037037035,0.031290505,27.0,0.0007769531136569669,0.0007568999649780792,501,521,445,556,431
comercio_9569712996,"fraud_Kihn, Brakus and Goyette",30,1288.0,42.93333333333333,1,0.03333333333333333,0.015984647,30.0,0.0008284700951295738,0.0008138170257771675,429,439,370,527,574
comercio_9601097463,fraud_Collier LLC,44,2865.31,65.12068181818182,1,0.022727272727272728,0.0023372544,44.0,0.0011473781766608694,0.0011237227711343952,51,70,79,235,671
comercio_9630559626,fraud_Prosacco LLC,33,1620.47,49.10515151515152,0,0.0,0.016120642,33.0,0.0009283548151093385,0.0009063098478728777,275,304,278,444,570
comercio_9648745144,fraud_Marvin-Lind,27,1377.92,51.03407407407408,2,0.07407407407407407,0.026334716,27.0,0.0008134294666740231,0.0008054218971622272,446,448,446,509,484
comercio_9653636303,"fraud_Koss, McLaughlin and Mayer",31,2110.3,68.0741935483871,2,0.06451612903225806,0.025616342,31.0,0.0009300668005509296,0.0009197632256151841,272,288,332,348,487
comercio_9665117949,"fraud_Turcotte, Batz and Buckridge",20,838.0699999999999,41.903499999999994,1,0.05,0.021034043,20.0,0.0008057381343516049,0.0008042570240153182,461,453,566,628,523
comercio_9675729211,"fraud_Ledner, Hartmann and Feest",19,792.64,41.717894736842105,3,0.15789473684210525,0.056333493,19.0,0.0007540684667591269,0.0007574301520419923,527,520,584,636,281
comercio_9678440529,fraud_Rodriguez Group,39,2200.73,56.42897435897436,4,0.10256410256410256,0.08005421,39.0,0.001057817744205447,0.0010580393326725106,122,128,151,323,223
comercio_9679147648,fraud_Schmeler Inc,16,877.9100000000001,54.869375000000005,0,0.0,0.01812032,16.0,0.0007849832603361978,0.0007884861090836161,493,482,624,621,554
comercio_9680685889,fraud_Hermann-Gaylord,26,1131.33,43.512692307692305,0,0.0,0.013644826,26.0,0.0008687857449418606,0.0008452240954143751,365,392,464,568,592
comercio_9691933046,"fraud_Herman, Treutel and Dickens",24,5264.44,219.35166666666666,5,0.20833333333333334,0.21624637,24.0,0.000722972761160581,0.0007457403233550054,563,540,518,156,80
comercio_9707286728,"fraud_Cormier, Stracke and Thiel",29,3311.0099999999998,114.17275862068965,3,0.10344827586206896,0.10693163,29.0,0.0008512457765133975,0.000857433033619229,400,369,397,205,183
comercio_9725665267,"fraud_Ferry, Lynch and Kautzer",19,5340.14,281.06,5,0.2631578947368421,0.27005944,19.0,0.0007423363563752287,0.000781909871323689,541,493,585,151,38
comercio_9729110723,"fraud_Zboncak, Rowe and Murazik",35,8395.47,239.87057142857142,7,0.2,0.19981834,35.0,0.0009015578865198741,0.0009230863212192847,313,282,238,61,98
comercio_9762596506,fraud_Reichel Inc,34,4526.5599999999995,133.13411764705882,3,0.08823529411764706,0.098350324,34.0,0.0009537389498730268,0.0009723499230089116,247,230,260,173,192
comercio_9763205284,fraud_Kilback and Sons,29,3013.91,103.92793103448275,2,0.06896551724137931,0.063899994,29.0,0.0007809454363674641,0.0007869199626128164,496,485,398,216,258
comercio_9777805024,"fraud_Reichel, Bradtke and Blanda",9,44.0,4.888888888888889,0,0.0,0.012067286,9.0,0.0005150043900253571,0.000514813136843868,692,692,689,693,612
comercio_9792724613,fraud_Windler LLC,32,2028.98,63.405625,0,0.0,0.0073809256,32.0,0.0009003028857312883,0.0008841146344298947,317,333,306,363,637
comercio_9796682105,"fraud_Bernier, Volkman and Hoeger",19,6932.95,364.8921052631579,9,0.47368421052631576,0.4431337,19.0,0.0007760311301082085,0.000811338675281147,503,444,586,103,2
comercio_9810451743,"fraud_Rodriguez, Yost and Jenkins",18,8004.36,444.68666666666667,10,0.5555555555555556,0.5504099,18.0,0.0007051698545305554,0.0007627120789445623,580,513,600,73,1
comercio_9824928687,fraud_Heller-Abshire,16,776.37,48.523125,0,0.0,0.004670267,16.0,0.0005750840172112779,0.0005600138023537791,674,679,625,639,658
comercio_9825571629,fraud_Hills-Boyer,31,1533.99,49.483548387096775,2,0.06451612903225806,0.03929871,31.0,0.0008786954480837491,0.0008718738100460555,353,353,333,473,374
comercio_9845170512,"fraud_Schultz, Simonis and Little",45,8239.35,183.09666666666666,16,0.35555555555555557,0.34756663,45.0,0.0010452751967029387,0.001112109342392728,136,79,61,66,11
comercio_9873592683,fraud_Rau-Robel,26,1155.77,44.45269230769231,3,0.11538461538461539,0.02979662,26.0,0.0008724316713931435,0.0008454766047516666,361,390,465,561,449
comercio_9908565685,fraud_Bode-Schuster,29,1094.14,37.728965517241384,2,0.06896551724137931,0.030174332,29.0,0.0008102875931866516,0.0008017758677228101,451,456,399,578,445
comercio_9938618573,fraud_Bailey-Morar,54,8147.4800000000005,150.87925925925927,8,0.14814814814814814,0.15217067,54.0,0.0012631899311305688,0.0012743156122783205,16,18,11,69,145
comercio_9960065456,fraud_Pollich LLC,33,2139.33,64.82818181818182,0,0.0,0.007926154,33.0,0.0010031202693211003,0.0009763568804080742,187,224,279,340,634
comercio_9970780794,"fraud_Lind, Huel and McClure",44,2911.12,66.16181818181818,0,0.0,0.0016980827,44.0,0.0011349639852928888,0.0011058487250457296,54,85,80,225,676
comercio_9983779311,fraud_Huels-Hahn,43,2739.28,63.70418604651163,2,0.046511627906976744,0.046174303,43.0,0.0011586726699842605,0.0011435407632483523,46,56,99,243,329
